player_id,games_played,first_game_date,last_game_date
101106,693,2005-11-01 00:00:00,2019-06-13 00:00:00
101107,974,2005-11-02 00:00:00,2020-09-08 00:00:00
101108,1207,2005-11-01 00:00:00,2023-05-01 00:00:00
101109,858,2005-11-02 00:00:00,2019-04-23 00:00:00
101110,482,2005-11-04 00:00:00,2015-04-26 00:00:00
101111,546,2005-11-02 00:00:00,2016-04-25 00:00:00
101112,879,2005-11-04 00:00:00,2019-04-09 00:00:00
101113,199,2005-11-23 00:00:00,2013-10-23 00:00:00
101114,774,2005-11-02 00:00:00,2017-06-12 00:00:00
101118,105,2005-11-02 00:00:00,2010-04-12 00:00:00
101119,223,2005-11-02 00:00:00,2009-04-13 00:00:00
101120,285,2005-11-23 00:00:00,2010-11-27 00:00:00
101121,352,2005-11-02 00:00:00,2011-04-13 00:00:00
101122,541,2005-11-02 00:00:00,2015-02-09 00:00:00
101123,646,2006-02-03 00:00:00,2020-12-13 00:00:00
101124,448,2005-11-02 00:00:00,2012-04-25 00:00:00
101125,20,2005-11-13 00:00:00,2007-02-03 00:00:00
101126,516,2005-11-04 00:00:00,2015-10-28 00:00:00
101127,721,2005-11-02 00:00:00,2018-04-11 00:00:00
101128,450,2005-11-01 00:00:00,2014-12-06 00:00:00
101129,328,2005-11-05 00:00:00,2011-03-16 00:00:00
101131,514,2005-11-05 00:00:00,2015-04-15 00:00:00
101134,49,2005-11-02 00:00:00,2007-04-18 00:00:00
101135,727,2005-11-09 00:00:00,2017-05-20 00:00:00
101138,682,2005-11-01 00:00:00,2017-04-12 00:00:00
101141,740,2006-11-03 00:00:00,2021-05-14 00:00:00
101142,406,2006-02-08 00:00:00,2014-11-14 00:00:00
101143,150,2005-12-02 00:00:00,2010-04-22 00:00:00
101145,726,2005-11-12 00:00:00,2017-04-23 00:00:00
101147,14,2005-11-02 00:00:00,2006-01-11 00:00:00
101149,4,2006-01-05 00:00:00,2006-02-22 00:00:00
101152,23,2006-01-24 00:00:00,2007-04-18 00:00:00
101155,442,2005-11-05 00:00:00,2013-12-29 00:00:00
101156,17,2005-11-14 00:00:00,2006-01-23 00:00:00
101159,15,2005-11-30 00:00:00,2007-01-23 00:00:00
101160,77,2005-11-02 00:00:00,2007-04-10 00:00:00
101162,792,2008-03-01 00:00:00,2019-02-05 00:00:00
101165,22,2006-02-21 00:00:00,2009-04-15 00:00:00
101179,483,2005-11-01 00:00:00,2017-04-11 00:00:00
101184,1,2005-11-04 00:00:00,2005-11-04 00:00:00
101185,55,2005-11-19 00:00:00,2007-04-18 00:00:00
101187,267,2005-11-12 00:00:00,2017-04-05 00:00:00
101188,16,2005-11-09 00:00:00,2006-03-15 00:00:00
101194,58,2005-11-26 00:00:00,2009-04-23 00:00:00
101195,25,2006-03-05 00:00:00,2007-04-18 00:00:00
101198,280,2006-03-19 00:00:00,2016-10-20 00:00:00
101204,81,2006-02-10 00:00:00,2013-10-11 00:00:00
101213,3,2005-11-30 00:00:00,2005-12-06 00:00:00
101214,81,2008-12-12 00:00:00,2010-12-26 00:00:00
101215,9,2007-01-31 00:00:00,2010-03-07 00:00:00
101219,9,2006-03-29 00:00:00,2006-04-19 00:00:00
101223,17,2005-11-02 00:00:00,2005-12-28 00:00:00
101232,2,2006-11-18 00:00:00,2006-11-20 00:00:00
101236,558,2006-01-18 00:00:00,2015-11-06 00:00:00
101247,2,2007-12-28 00:00:00,2007-12-30 00:00:00
101249,176,2005-12-31 00:00:00,2016-11-19 00:00:00
12329,2,2016-10-02 00:00:00,2017-10-05 00:00:00
12330,1,2016-10-14 00:00:00,2016-10-14 00:00:00
1626145,541,2015-10-07 00:00:00,2023-04-28 00:00:00
1626146,11,2015-11-15 00:00:00,2017-10-08 00:00:00
1626147,247,2015-10-07 00:00:00,2022-04-05 00:00:00
1626148,52,2015-10-04 00:00:00,2018-04-01 00:00:00
1626149,537,2015-10-11 00:00:00,2023-04-22 00:00:00
1626150,149,2016-10-03 00:00:00,2018-12-21 00:00:00
1626151,43,2015-10-04 00:00:00,2018-04-10 00:00:00
1626153,464,2015-10-04 00:00:00,2023-04-07 00:00:00
1626154,57,2015-10-06 00:00:00,2019-04-09 00:00:00
1626155,212,2015-10-06 00:00:00,2021-10-27 00:00:00
1626156,498,2015-10-04 00:00:00,2023-05-18 00:00:00
1626158,417,2015-10-08 00:00:00,2023-04-09 00:00:00
1626159,349,2015-10-04 00:00:00,2022-12-21 00:00:00
1626160,6,2015-10-08 00:00:00,2016-10-19 00:00:00
1626161,407,2015-10-05 00:00:00,2022-03-02 00:00:00
1626162,531,2015-10-09 00:00:00,2023-03-23 00:00:00
1626163,420,2015-10-03 00:00:00,2023-04-09 00:00:00
1626164,551,2015-10-07 00:00:00,2023-05-11 00:00:00
1626165,11,2015-10-07 00:00:00,2017-10-12 00:00:00
1626166,359,2015-10-07 00:00:00,2023-05-11 00:00:00
1626167,490,2015-10-03 00:00:00,2023-03-24 00:00:00
1626168,506,2015-10-04 00:00:00,2023-04-30 00:00:00
1626169,431,2015-10-06 00:00:00,2023-02-11 00:00:00
1626170,288,2015-10-07 00:00:00,2020-12-15 00:00:00
1626171,545,2015-10-06 00:00:00,2023-04-24 00:00:00
1626172,491,2016-01-27 00:00:00,2023-05-12 00:00:00
1626173,144,2015-10-06 00:00:00,2018-03-03 00:00:00
1626174,274,2015-10-08 00:00:00,2023-04-05 00:00:00
1626175,81,2015-10-06 00:00:00,2018-04-04 00:00:00
1626176,36,2015-10-03 00:00:00,2017-04-10 00:00:00
1626177,33,2017-10-03 00:00:00,2018-04-23 00:00:00
1626178,303,2015-10-05 00:00:00,2021-06-03 00:00:00
1626179,569,2015-10-06 00:00:00,2023-03-23 00:00:00
1626181,531,2015-10-04 00:00:00,2023-04-25 00:00:00
1626182,7,2015-10-19 00:00:00,2016-10-18 00:00:00
1626183,9,2015-10-04 00:00:00,2016-10-05 00:00:00
1626184,117,2016-10-08 00:00:00,2022-10-12 00:00:00
1626185,186,2015-12-18 00:00:00,2019-04-23 00:00:00
1626186,2,2015-10-17 00:00:00,2015-10-18 00:00:00
1626187,18,2015-10-07 00:00:00,2020-09-12 00:00:00
1626188,225,2015-10-07 00:00:00,2022-10-12 00:00:00
1626189,3,2015-10-07 00:00:00,2015-10-14 00:00:00
1626191,61,2016-02-08 00:00:00,2018-02-23 00:00:00
1626192,530,2015-10-05 00:00:00,2023-04-24 00:00:00
1626193,3,2015-10-11 00:00:00,2015-10-19 00:00:00
1626203,170,2015-10-09 00:00:00,2020-12-18 00:00:00
1626205,9,2015-10-13 00:00:00,2017-12-20 00:00:00
1626207,4,2015-10-05 00:00:00,2015-10-19 00:00:00
1626208,36,2015-10-12 00:00:00,2022-04-01 00:00:00
1626210,64,2016-03-17 00:00:00,2019-04-10 00:00:00
1626217,3,2015-10-07 00:00:00,2015-10-15 00:00:00
1627361,1,2015-10-09 00:00:00,2015-10-09 00:00:00
1627735,66,2016-10-03 00:00:00,2019-01-30 00:00:00
1627736,426,2016-10-03 00:00:00,2023-05-12 00:00:00
1627737,297,2016-10-03 00:00:00,2022-05-26 00:00:00
1627738,107,2016-10-19 00:00:00,2019-04-10 00:00:00
1627739,260,2016-10-08 00:00:00,2023-04-09 00:00:00
1627740,89,2016-10-06 00:00:00,2021-03-13 00:00:00
1627741,516,2016-10-04 00:00:00,2023-04-09 00:00:00
1627743,32,2016-10-04 00:00:00,2019-01-02 00:00:00
1627744,28,2016-10-04 00:00:00,2018-03-22 00:00:00
1627745,252,2016-12-10 00:00:00,2023-04-09 00:00:00
1627746,145,2016-10-06 00:00:00,2019-12-28 00:00:00
1627747,373,2016-12-07 00:00:00,2023-04-26 00:00:00
1627748,270,2016-10-08 00:00:00,2021-01-12 00:00:00
1627751,477,2016-10-01 00:00:00,2023-04-09 00:00:00
1627752,420,2016-10-06 00:00:00,2023-04-25 00:00:00
1627753,27,2017-10-03 00:00:00,2018-10-30 00:00:00
1627754,12,2016-10-04 00:00:00,2017-10-13 00:00:00
1627755,130,2016-10-03 00:00:00,2018-10-18 00:00:00
1627756,245,2016-10-03 00:00:00,2022-01-16 00:00:00
1627757,21,2016-10-03 00:00:00,2017-10-04 00:00:00
1627758,96,2016-10-08 00:00:00,2019-01-06 00:00:00
1627759,555,2016-10-04 00:00:00,2023-05-29 00:00:00
1627760,5,2016-10-11 00:00:00,2021-12-29 00:00:00
1627761,286,2016-10-06 00:00:00,2022-03-12 00:00:00
1627762,26,2016-10-10 00:00:00,2017-12-13 00:00:00
1627763,429,2016-10-03 00:00:00,2023-05-29 00:00:00
1627765,2,2016-10-01 00:00:00,2016-10-04 00:00:00
1627766,2,2016-10-06 00:00:00,2016-10-15 00:00:00
1627767,175,2016-10-04 00:00:00,2021-12-29 00:00:00
1627768,2,2016-10-21 00:00:00,2017-10-02 00:00:00
1627770,62,2016-10-05 00:00:00,2018-04-11 00:00:00
1627771,14,2016-10-15 00:00:00,2017-10-13 00:00:00
1627772,27,2017-10-03 00:00:00,2019-02-01 00:00:00
1627774,245,2016-10-07 00:00:00,2022-10-07 00:00:00
1627775,216,2016-10-01 00:00:00,2021-03-21 00:00:00
1627777,408,2016-10-04 00:00:00,2023-05-14 00:00:00
1627778,11,2016-10-02 00:00:00,2018-04-18 00:00:00
1627779,7,2016-10-12 00:00:00,2018-04-10 00:00:00
1627780,183,2016-10-02 00:00:00,2023-05-12 00:00:00
1627781,71,2016-10-06 00:00:00,2019-01-19 00:00:00
1627782,126,2016-10-03 00:00:00,2021-12-21 00:00:00
1627783,495,2016-10-01 00:00:00,2023-04-07 00:00:00
1627784,17,2016-10-14 00:00:00,2020-08-11 00:00:00
1627785,89,2016-10-08 00:00:00,2018-02-22 00:00:00
1627786,78,2016-10-03 00:00:00,2019-04-10 00:00:00
1627787,21,2016-10-02 00:00:00,2017-10-05 00:00:00
1627791,4,2016-10-17 00:00:00,2017-03-07 00:00:00
1627827,468,2016-10-03 00:00:00,2023-04-22 00:00:00
1628365,190,2017-10-04 00:00:00,2023-04-09 00:00:00
1628368,382,2017-10-02 00:00:00,2023-04-30 00:00:00
1628378,423,2017-10-02 00:00:00,2023-04-26 00:00:00
1628379,362,2017-10-04 00:00:00,2023-04-26 00:00:00
1628380,245,2017-10-03 00:00:00,2023-04-06 00:00:00
1628381,376,2017-10-01 00:00:00,2023-04-27 00:00:00
1628382,267,2017-10-02 00:00:00,2023-02-03 00:00:00
1628383,21,2018-04-01 00:00:00,2021-03-24 00:00:00
1628384,373,2017-10-10 00:00:00,2023-04-07 00:00:00
1628385,133,2018-10-17 00:00:00,2021-10-11 00:00:00
1628386,394,2017-10-03 00:00:00,2023-04-26 00:00:00
1628387,15,2017-10-10 00:00:00,2018-11-26 00:00:00
1628388,144,2017-10-04 00:00:00,2021-06-03 00:00:00
1628389,452,2017-10-01 00:00:00,2023-06-09 00:00:00
1628390,204,2017-10-03 00:00:00,2021-03-20 00:00:00
1628391,153,2017-10-02 00:00:00,2022-10-14 00:00:00
1628393,58,2017-10-04 00:00:00,2019-04-10 00:00:00
1628395,182,2017-09-30 00:00:00,2022-01-07 00:00:00
1628396,179,2017-10-02 00:00:00,2023-02-16 00:00:00
1628397,78,2017-10-02 00:00:00,2019-04-10 00:00:00
1628398,417,2017-09-30 00:00:00,2023-03-18 00:00:00
1628399,30,2017-09-30 00:00:00,2019-04-07 00:00:00
1628400,297,2017-10-02 00:00:00,2022-03-22 00:00:00
1628401,379,2017-10-02 00:00:00,2023-05-29 00:00:00
1628402,202,2018-10-19 00:00:00,2023-03-03 00:00:00
1628403,73,2017-10-03 00:00:00,2020-03-10 00:00:00
1628404,359,2017-10-04 00:00:00,2023-05-12 00:00:00
1628405,49,2017-10-02 00:00:00,2020-12-18 00:00:00
1628407,200,2017-10-02 00:00:00,2022-10-06 00:00:00
1628408,132,2017-10-04 00:00:00,2023-04-30 00:00:00
1628409,21,2017-10-06 00:00:00,2018-04-10 00:00:00
1628410,154,2018-04-10 00:00:00,2023-04-15 00:00:00
1628411,233,2017-10-02 00:00:00,2022-10-06 00:00:00
1628412,96,2017-10-02 00:00:00,2021-02-11 00:00:00
1628414,162,2017-10-01 00:00:00,2022-09-30 00:00:00
1628415,347,2017-10-02 00:00:00,2023-04-28 00:00:00
1628416,105,2017-10-01 00:00:00,2022-12-14 00:00:00
1628417,25,2018-12-05 00:00:00,2019-02-09 00:00:00
1628418,225,2017-09-30 00:00:00,2023-06-07 00:00:00
1628419,10,2021-05-10 00:00:00,2021-12-29 00:00:00
1628420,362,2017-10-02 00:00:00,2023-03-31 00:00:00
1628421,8,2018-04-11 00:00:00,2019-04-09 00:00:00
1628422,206,2017-10-03 00:00:00,2021-12-23 00:00:00
1628424,38,2017-10-02 00:00:00,2023-04-07 00:00:00
1628430,12,2019-10-25 00:00:00,2020-12-14 00:00:00
1628431,1,2017-10-04 00:00:00,2017-10-04 00:00:00
1628432,119,2018-01-14 00:00:00,2023-04-07 00:00:00
1628439,21,2017-10-13 00:00:00,2019-04-10 00:00:00
1628443,48,2017-10-02 00:00:00,2020-02-01 00:00:00
1628449,291,2018-03-14 00:00:00,2023-04-09 00:00:00
1628452,1,2017-10-04 00:00:00,2017-10-04 00:00:00
1628453,1,2017-10-08 00:00:00,2017-10-08 00:00:00
1628476,47,2017-10-01 00:00:00,2022-01-01 00:00:00
1628502,12,2017-10-03 00:00:00,2018-04-11 00:00:00
1628503,15,2017-10-03 00:00:00,2018-04-11 00:00:00
1628515,43,2017-10-03 00:00:00,2019-03-05 00:00:00
1628959,8,2018-12-17 00:00:00,2019-04-10 00:00:00
1628960,276,2018-10-24 00:00:00,2023-04-24 00:00:00
1628961,27,2019-03-20 00:00:00,2022-10-11 00:00:00
1628962,66,2020-12-12 00:00:00,2023-04-09 00:00:00
1628964,271,2018-10-17 00:00:00,2023-04-28 00:00:00
1628966,225,2018-10-26 00:00:00,2023-04-09 00:00:00
1628968,13,2019-11-12 00:00:00,2021-10-11 00:00:00
1628970,276,2018-10-17 00:00:00,2022-04-10 00:00:00
1628971,364,2018-10-17 00:00:00,2023-06-09 00:00:00
1628972,285,2018-10-24 00:00:00,2023-05-12 00:00:00
1628973,357,2018-10-17 00:00:00,2023-05-12 00:00:00
1628975,307,2018-12-15 00:00:00,2023-04-24 00:00:00
1628976,245,2018-10-18 00:00:00,2023-04-09 00:00:00
1628977,245,2018-10-16 00:00:00,2023-03-06 00:00:00
1628978,278,2018-10-17 00:00:00,2023-05-12 00:00:00
1628979,3,2019-02-08 00:00:00,2019-02-11 00:00:00
1628980,61,2018-10-22 00:00:00,2020-02-24 00:00:00
1628981,161,2019-10-24 00:00:00,2023-04-09 00:00:00
1628982,34,2018-11-02 00:00:00,2022-04-10 00:00:00
1628983,305,2018-10-17 00:00:00,2023-04-06 00:00:00
1628984,302,2018-10-22 00:00:00,2023-04-04 00:00:00
1628985,11,2019-11-12 00:00:00,2020-08-14 00:00:00
1628987,10,2019-12-26 00:00:00,2020-08-14 00:00:00
1628988,299,2018-10-19 00:00:00,2023-04-25 00:00:00
1628989,359,2018-10-17 00:00:00,2023-04-30 00:00:00
1628991,261,2018-10-19 00:00:00,2023-04-28 00:00:00
1628993,82,2018-10-19 00:00:00,2022-12-08 00:00:00
1628994,7,2018-12-11 00:00:00,2021-12-31 00:00:00
1628995,261,2018-10-17 00:00:00,2023-04-09 00:00:00
1628997,232,2019-10-25 00:00:00,2023-06-09 00:00:00
1628998,171,2019-10-25 00:00:00,2023-01-12 00:00:00
1628999,2,2019-04-09 00:00:00,2019-04-10 00:00:00
1629001,316,2018-10-22 00:00:00,2023-05-14 00:00:00
1629002,210,2018-10-20 00:00:00,2023-04-30 00:00:00
1629003,267,2018-11-30 00:00:00,2023-05-14 00:00:00
1629004,239,2018-10-22 00:00:00,2023-04-07 00:00:00
1629005,2,2020-02-09 00:00:00,2021-12-30 00:00:00
1629006,304,2018-10-20 00:00:00,2023-05-09 00:00:00
1629007,10,2021-03-15 00:00:00,2021-05-14 00:00:00
1629008,222,2019-10-31 00:00:00,2023-06-09 00:00:00
1629010,112,2018-10-26 00:00:00,2022-10-14 00:00:00
1629012,253,2018-10-17 00:00:00,2023-04-04 00:00:00
1629013,335,2018-10-16 00:00:00,2023-05-11 00:00:00
1629014,268,2018-10-30 00:00:00,2023-03-19 00:00:00
1629015,12,2019-03-25 00:00:00,2020-02-07 00:00:00
1629016,93,2018-10-17 00:00:00,2020-12-16 00:00:00
1629017,40,2018-11-09 00:00:00,2021-05-14 00:00:00
1629018,264,2018-11-16 00:00:00,2023-04-09 00:00:00
1629019,81,2018-10-17 00:00:00,2020-03-06 00:00:00
1629021,247,2018-11-17 00:00:00,2023-04-06 00:00:00
1629022,260,2019-01-03 00:00:00,2023-05-18 00:00:00
1629023,249,2019-10-23 00:00:00,2023-03-31 00:00:00
1629026,235,2018-10-27 00:00:00,2023-02-28 00:00:00
1629027,362,2018-10-17 00:00:00,2023-04-27 00:00:00
1629033,128,2018-10-20 00:00:00,2023-04-09 00:00:00
1629034,15,2018-10-17 00:00:00,2021-02-15 00:00:00
1629035,68,2019-10-23 00:00:00,2022-04-10 00:00:00
1629044,3,2019-11-27 00:00:00,2019-12-14 00:00:00
1629052,165,2019-11-18 00:00:00,2023-04-09 00:00:00
1629056,226,2019-10-22 00:00:00,2023-04-30 00:00:00
1629065,46,2019-10-24 00:00:00,2020-12-13 00:00:00
1629076,61,2019-10-26 00:00:00,2022-04-10 00:00:00
1629118,11,2018-10-17 00:00:00,2019-03-12 00:00:00
1629603,57,2020-12-12 00:00:00,2023-04-06 00:00:00
1629604,95,2020-12-11 00:00:00,2022-10-12 00:00:00
1629605,42,2019-12-20 00:00:00,2021-12-30 00:00:00
1629607,16,2019-10-23 00:00:00,2022-04-09 00:00:00
1629608,5,2019-11-18 00:00:00,2020-08-14 00:00:00
1629610,46,2019-11-15 00:00:00,2023-05-06 00:00:00
1629611,290,2019-10-24 00:00:00,2023-04-25 00:00:00
1629614,68,2022-10-05 00:00:00,2023-04-09 00:00:00
1629617,42,2020-12-13 00:00:00,2022-04-10 00:00:00
1629619,8,2020-12-18 00:00:00,2022-02-02 00:00:00
1629621,2,2020-02-06 00:00:00,2020-02-07 00:00:00
1629626,132,2020-08-01 00:00:00,2023-04-09 00:00:00
1629627,108,2020-01-24 00:00:00,2022-12-31 00:00:00
1629628,278,2019-10-23 00:00:00,2023-05-12 00:00:00
1629629,173,2019-10-24 00:00:00,2023-03-27 00:00:00
1629630,250,2019-10-23 00:00:00,2023-04-28 00:00:00
1629631,209,2019-10-24 00:00:00,2023-04-27 00:00:00
1629632,248,2019-10-23 00:00:00,2023-04-09 00:00:00
1629633,142,2019-10-23 00:00:00,2022-12-16 00:00:00
1629634,235,2019-10-23 00:00:00,2023-03-03 00:00:00
1629636,239,2019-10-23 00:00:00,2023-04-26 00:00:00
1629637,228,2019-10-28 00:00:00,2023-04-04 00:00:00
1629638,204,2019-10-22 00:00:00,2023-04-25 00:00:00
1629639,266,2019-10-23 00:00:00,2023-04-16 00:00:00
1629640,207,2019-11-22 00:00:00,2023-04-06 00:00:00
1629641,147,2019-10-30 00:00:00,2023-04-09 00:00:00
1629642,187,2019-10-25 00:00:00,2023-03-31 00:00:00
1629643,135,2020-12-11 00:00:00,2023-04-09 00:00:00
1629644,95,2019-10-23 00:00:00,2023-01-23 00:00:00
1629645,181,2019-10-23 00:00:00,2023-04-07 00:00:00
1629646,60,2021-10-07 00:00:00,2023-03-14 00:00:00
1629647,227,2019-10-23 00:00:00,2023-04-09 00:00:00
1629648,22,2019-11-04 00:00:00,2021-02-02 00:00:00
1629649,65,2019-11-03 00:00:00,2022-04-10 00:00:00
1629650,131,2019-11-10 00:00:00,2023-03-31 00:00:00
1629651,181,2019-11-08 00:00:00,2023-04-22 00:00:00
1629652,209,2019-12-06 00:00:00,2023-04-06 00:00:00
1629653,31,2020-12-11 00:00:00,2022-12-22 00:00:00
1629655,244,2019-10-26 00:00:00,2023-04-07 00:00:00
1629656,123,2021-10-05 00:00:00,2023-05-12 00:00:00
1629657,58,2020-01-10 00:00:00,2022-03-18 00:00:00
1629658,38,2019-11-10 00:00:00,2022-04-10 00:00:00
1629659,196,2019-12-08 00:00:00,2023-04-04 00:00:00
1629660,147,2019-12-02 00:00:00,2023-04-04 00:00:00
1629661,246,2019-10-26 00:00:00,2023-04-22 00:00:00
1629662,59,2019-10-24 00:00:00,2023-04-09 00:00:00
1629663,28,2019-12-26 00:00:00,2022-02-02 00:00:00
1629665,11,2020-01-16 00:00:00,2021-03-22 00:00:00
1629666,1,2020-12-18 00:00:00,2020-12-18 00:00:00
1629667,204,2019-10-25 00:00:00,2023-05-11 00:00:00
1629668,9,2019-10-25 00:00:00,2020-12-18 00:00:00
1629669,183,2019-11-06 00:00:00,2023-04-25 00:00:00
1629670,167,2020-12-12 00:00:00,2023-04-09 00:00:00
1629671,83,2019-11-11 00:00:00,2021-12-31 00:00:00
1629672,150,2019-10-24 00:00:00,2022-10-04 00:00:00
1629673,282,2019-10-24 00:00:00,2023-05-12 00:00:00
1629674,22,2021-10-11 00:00:00,2023-04-09 00:00:00
1629675,231,2019-12-08 00:00:00,2023-03-29 00:00:00
1629676,148,2020-01-29 00:00:00,2023-02-13 00:00:00
1629677,48,2020-03-06 00:00:00,2023-04-09 00:00:00
1629678,103,2019-10-23 00:00:00,2023-04-09 00:00:00
1629679,3,2020-12-13 00:00:00,2020-12-18 00:00:00
1629681,50,2021-02-28 00:00:00,2022-03-15 00:00:00
1629682,48,2019-11-25 00:00:00,2022-01-01 00:00:00
1629683,43,2020-02-08 00:00:00,2022-10-11 00:00:00
1629684,330,2019-10-23 00:00:00,2023-05-29 00:00:00
1629685,82,2020-12-12 00:00:00,2023-03-26 00:00:00
1629700,3,2020-12-12 00:00:00,2020-12-17 00:00:00
1630173,193,2020-12-14 00:00:00,2023-04-09 00:00:00
1630177,155,2020-12-12 00:00:00,2023-04-07 00:00:00
1630179,14,2020-12-12 00:00:00,2021-12-31 00:00:00
1630182,179,2020-12-12 00:00:00,2023-04-05 00:00:00
1630186,38,2020-12-11 00:00:00,2022-01-31 00:00:00
1630188,144,2020-12-12 00:00:00,2023-04-05 00:00:00
1630189,21,2020-12-12 00:00:00,2021-10-11 00:00:00
1630190,55,2020-12-12 00:00:00,2022-04-10 00:00:00
1630191,173,2020-12-11 00:00:00,2023-02-25 00:00:00
1630192,146,2020-12-12 00:00:00,2023-06-07 00:00:00
1630193,230,2020-12-13 00:00:00,2023-05-06 00:00:00
1630194,151,2020-12-18 00:00:00,2023-05-14 00:00:00
1630198,173,2020-12-15 00:00:00,2023-04-06 00:00:00
1630199,33,2020-12-12 00:00:00,2022-01-28 00:00:00
1630203,9,2020-12-12 00:00:00,2021-10-04 00:00:00
1630204,2,2020-12-12 00:00:00,2021-01-27 00:00:00
1630205,161,2020-12-14 00:00:00,2023-04-26 00:00:00
1630206,30,2021-05-11 00:00:00,2023-04-06 00:00:00
1630208,137,2020-12-12 00:00:00,2023-04-07 00:00:00
1630210,75,2020-12-16 00:00:00,2022-04-10 00:00:00
1630211,12,2020-12-11 00:00:00,2021-04-12 00:00:00
1630213,1,2020-12-13 00:00:00,2020-12-13 00:00:00
1630214,180,2020-12-12 00:00:00,2023-04-28 00:00:00
1630215,48,2021-10-04 00:00:00,2023-04-09 00:00:00
1630216,32,2020-12-13 00:00:00,2022-04-10 00:00:00
1630218,30,2020-12-11 00:00:00,2022-10-06 00:00:00
1630219,79,2020-12-11 00:00:00,2023-04-09 00:00:00
1630221,21,2020-12-29 00:00:00,2021-05-16 00:00:00
1630222,38,2020-12-11 00:00:00,2022-04-10 00:00:00
1630223,16,2020-12-12 00:00:00,2022-10-07 00:00:00
1630224,130,2021-10-05 00:00:00,2023-04-09 00:00:00
1630225,21,2021-10-05 00:00:00,2023-04-09 00:00:00
1630227,74,2021-10-11 00:00:00,2023-04-09 00:00:00
1630228,152,2021-10-04 00:00:00,2023-05-12 00:00:00
1630230,160,2021-01-15 00:00:00,2023-04-07 00:00:00
1630231,191,2020-12-11 00:00:00,2023-04-09 00:00:00
1630232,1,2020-12-19 00:00:00,2020-12-19 00:00:00
1630233,112,2020-12-11 00:00:00,2023-04-25 00:00:00
1630234,17,2020-12-12 00:00:00,2021-07-11 00:00:00
1630235,110,2020-12-12 00:00:00,2023-04-09 00:00:00
1630245,148,2021-10-05 00:00:00,2023-04-09 00:00:00
1630525,5,2021-10-04 00:00:00,2021-12-05 00:00:00
1630526,93,2021-10-04 00:00:00,2023-04-09 00:00:00
1630527,71,2021-10-04 00:00:00,2023-04-18 00:00:00
1630528,127,2021-10-05 00:00:00,2023-04-09 00:00:00
1630529,141,2021-10-04 00:00:00,2023-04-07 00:00:00
1630530,137,2021-10-04 00:00:00,2023-04-07 00:00:00
1630531,31,2021-10-04 00:00:00,2023-05-14 00:00:00
1630533,105,2021-10-05 00:00:00,2023-04-28 00:00:00
1630534,58,2022-10-02 00:00:00,2023-04-09 00:00:00
1630535,69,2021-10-04 00:00:00,2023-02-06 00:00:00
1630536,18,2021-10-04 00:00:00,2022-10-14 00:00:00
1630538,131,2021-10-04 00:00:00,2023-04-25 00:00:00
1630539,70,2021-10-04 00:00:00,2023-04-07 00:00:00
1630540,109,2021-10-05 00:00:00,2023-05-12 00:00:00
1630541,131,2021-10-04 00:00:00,2023-05-12 00:00:00
1630543,95,2021-10-05 00:00:00,2023-04-09 00:00:00
1630544,128,2021-10-04 00:00:00,2023-04-09 00:00:00
1630547,69,2021-10-04 00:00:00,2023-04-07 00:00:00
1630548,18,2022-10-04 00:00:00,2023-04-09 00:00:00
1630549,75,2021-10-03 00:00:00,2023-04-20 00:00:00
1630550,103,2021-10-04 00:00:00,2023-04-07 00:00:00
1630551,48,2021-10-04 00:00:00,2023-05-25 00:00:00
1630552,97,2021-10-04 00:00:00,2023-04-27 00:00:00
1630553,79,2021-10-06 00:00:00,2023-03-27 00:00:00
1630554,17,2022-09-30 00:00:00,2023-04-18 00:00:00
1630556,87,2021-10-03 00:00:00,2023-04-30 00:00:00
1630557,145,2021-10-05 00:00:00,2023-04-09 00:00:00
1630558,158,2021-10-04 00:00:00,2023-04-30 00:00:00
1630559,135,2021-10-03 00:00:00,2023-05-18 00:00:00
1630560,118,2021-10-03 00:00:00,2023-04-20 00:00:00
1630561,47,2021-10-03 00:00:00,2023-04-15 00:00:00
1630563,52,2021-10-04 00:00:00,2022-10-24 00:00:00
1630564,1,2022-10-03 00:00:00,2022-10-03 00:00:00
1630565,8,2021-10-04 00:00:00,2022-01-10 00:00:00
1630566,2,2022-10-04 00:00:00,2022-10-09 00:00:00
1630567,153,2021-10-04 00:00:00,2023-04-09 00:00:00
1630568,61,2021-10-06 00:00:00,2023-04-02 00:00:00
1630569,1,2021-10-11 00:00:00,2021-10-11 00:00:00
1630570,110,2021-10-11 00:00:00,2023-04-09 00:00:00
1630572,89,2021-10-05 00:00:00,2023-04-09 00:00:00
1630573,125,2021-10-09 00:00:00,2023-05-29 00:00:00
1630575,4,2021-10-07 00:00:00,2021-12-15 00:00:00
1630577,17,2022-10-03 00:00:00,2023-04-09 00:00:00
1630579,91,2021-10-05 00:00:00,2023-04-07 00:00:00
1630580,37,2021-10-04 00:00:00,2023-04-09 00:00:00
1630582,16,2021-10-07 00:00:00,2022-04-10 00:00:00
1630587,63,2021-12-16 00:00:00,2023-04-04 00:00:00
1630589,8,2021-10-04 00:00:00,2022-04-10 00:00:00
1630590,11,2022-10-03 00:00:00,2023-01-24 00:00:00
1630593,32,2021-10-04 00:00:00,2023-04-09 00:00:00
1630595,72,2021-10-30 00:00:00,2022-11-09 00:00:00
1630596,140,2021-10-05 00:00:00,2023-04-26 00:00:00
1630598,124,2021-10-04 00:00:00,2023-04-09 00:00:00
1630600,13,2022-10-05 00:00:00,2023-04-06 00:00:00
1630613,79,2021-10-05 00:00:00,2023-01-26 00:00:00
1630620,6,2022-10-06 00:00:00,2023-02-24 00:00:00
1630637,18,2021-10-06 00:00:00,2023-04-09 00:00:00
1630639,17,2021-10-04 00:00:00,2023-04-09 00:00:00
1630652,2,2022-09-30 00:00:00,2022-10-02 00:00:00
1630699,54,2022-10-01 00:00:00,2023-04-22 00:00:00
1630700,60,2022-10-04 00:00:00,2023-04-07 00:00:00
1630701,3,2022-10-03 00:00:00,2022-11-22 00:00:00
1630702,45,2022-10-05 00:00:00,2023-04-09 00:00:00
1631093,66,2022-10-04 00:00:00,2023-04-09 00:00:00
1631094,71,2022-10-03 00:00:00,2023-04-04 00:00:00
1631095,70,2022-10-21 00:00:00,2023-04-09 00:00:00
1631097,70,2022-10-05 00:00:00,2023-04-09 00:00:00
1631098,27,2022-09-30 00:00:00,2023-04-09 00:00:00
1631099,83,2022-10-03 00:00:00,2023-04-30 00:00:00
1631100,69,2022-10-06 00:00:00,2023-04-09 00:00:00
1631101,81,2022-10-03 00:00:00,2023-04-09 00:00:00
1631102,31,2022-10-07 00:00:00,2023-04-09 00:00:00
1631103,63,2022-10-06 00:00:00,2023-04-09 00:00:00
1631104,38,2022-10-06 00:00:00,2023-04-09 00:00:00
1631105,58,2022-10-04 00:00:00,2023-04-09 00:00:00
1631106,76,2022-10-07 00:00:00,2023-04-09 00:00:00
1631107,26,2022-10-04 00:00:00,2023-06-07 00:00:00
1631108,48,2022-10-03 00:00:00,2023-05-12 00:00:00
1631109,42,2022-10-02 00:00:00,2023-04-07 00:00:00
1631110,54,2022-10-06 00:00:00,2023-03-22 00:00:00
1631111,25,2022-10-04 00:00:00,2023-03-13 00:00:00
1631112,10,2022-10-05 00:00:00,2022-12-07 00:00:00
1631113,34,2022-10-01 00:00:00,2023-04-07 00:00:00
1631114,76,2022-10-03 00:00:00,2023-04-06 00:00:00
1631115,32,2022-10-04 00:00:00,2023-04-09 00:00:00
1631116,36,2022-09-30 00:00:00,2023-05-12 00:00:00
1631117,73,2022-10-02 00:00:00,2023-04-02 00:00:00
1631119,51,2022-10-03 00:00:00,2023-04-06 00:00:00
1631120,13,2022-10-02 00:00:00,2023-04-09 00:00:00
1631121,47,2022-10-02 00:00:00,2023-04-07 00:00:00
1631128,91,2022-10-03 00:00:00,2023-06-09 00:00:00
1631132,56,2022-10-02 00:00:00,2023-04-09 00:00:00
1631133,57,2022-10-03 00:00:00,2023-04-09 00:00:00
1631157,14,2022-09-30 00:00:00,2023-01-07 00:00:00
1631165,19,2022-10-03 00:00:00,2023-04-09 00:00:00
1631172,41,2022-10-03 00:00:00,2023-04-09 00:00:00
1631197,16,2022-10-03 00:00:00,2023-04-09 00:00:00
1631199,10,2022-10-02 00:00:00,2023-04-09 00:00:00
1631207,38,2022-10-04 00:00:00,2023-04-09 00:00:00
1631211,3,2022-10-04 00:00:00,2023-03-01 00:00:00
1631212,31,2022-10-03 00:00:00,2023-06-07 00:00:00
1631213,17,2022-10-06 00:00:00,2023-04-09 00:00:00
1631214,3,2022-10-03 00:00:00,2022-12-10 00:00:00
1631217,25,2022-09-30 00:00:00,2023-04-08 00:00:00
1631219,19,2022-10-09 00:00:00,2023-04-09 00:00:00
1631220,10,2022-10-04 00:00:00,2023-02-15 00:00:00
1631222,33,2022-10-01 00:00:00,2023-04-02 00:00:00
1631223,71,2022-10-01 00:00:00,2023-04-28 00:00:00
1631230,28,2022-10-09 00:00:00,2023-04-09 00:00:00
1631254,26,2022-10-01 00:00:00,2023-04-28 00:00:00
1962937123,2,2015-10-05 00:00:00,2015-10-09 00:00:00
199,34,1996-11-02 00:00:00,2023-02-10 00:00:00
200081,274,2007-11-06 00:00:00,2012-04-26 00:00:00
200746,1013,2006-11-14 00:00:00,2022-04-06 00:00:00
200747,137,2006-11-01 00:00:00,2010-04-27 00:00:00
200748,346,2006-10-31 00:00:00,2015-01-29 00:00:00
200749,327,2006-11-01 00:00:00,2012-04-16 00:00:00
200750,313,2006-11-03 00:00:00,2011-04-28 00:00:00
200751,659,2006-11-01 00:00:00,2017-04-12 00:00:00
200752,983,2006-11-01 00:00:00,2023-03-22 00:00:00
200753,80,2006-11-01 00:00:00,2013-10-17 00:00:00
200754,37,2006-11-03 00:00:00,2009-04-15 00:00:00
200755,894,2006-11-25 00:00:00,2021-05-11 00:00:00
200756,287,2006-11-01 00:00:00,2014-05-03 00:00:00
200758,440,2006-11-01 00:00:00,2014-04-14 00:00:00
200759,66,2006-11-01 00:00:00,2009-04-13 00:00:00
200760,277,2006-11-01 00:00:00,2011-03-01 00:00:00
200761,300,2006-12-11 00:00:00,2015-04-15 00:00:00
200764,210,2006-11-01 00:00:00,2013-10-19 00:00:00
200766,195,2006-11-01 00:00:00,2017-10-09 00:00:00
200770,535,2006-10-31 00:00:00,2016-11-06 00:00:00
200772,75,2006-11-04 00:00:00,2010-11-10 00:00:00
200776,167,2006-11-01 00:00:00,2010-04-10 00:00:00
200779,387,2006-11-01 00:00:00,2016-12-31 00:00:00
200780,270,2006-11-01 00:00:00,2014-10-07 00:00:00
200783,366,2006-11-01 00:00:00,2012-04-26 00:00:00
200784,80,2006-11-15 00:00:00,2008-04-16 00:00:00
200786,63,2006-11-03 00:00:00,2007-04-18 00:00:00
200788,24,2007-02-14 00:00:00,2008-05-07 00:00:00
200793,68,2006-11-04 00:00:00,2008-12-30 00:00:00
200794,1060,2006-11-01 00:00:00,2022-05-02 00:00:00
200807,12,2006-12-16 00:00:00,2007-03-20 00:00:00
200809,214,2006-10-31 00:00:00,2011-04-12 00:00:00
200810,45,2006-11-22 00:00:00,2007-04-18 00:00:00
200811,398,2007-02-24 00:00:00,2016-10-19 00:00:00
200814,102,2006-12-08 00:00:00,2009-05-30 00:00:00
200818,44,2007-01-13 00:00:00,2008-02-12 00:00:00
200822,54,2006-11-21 00:00:00,2013-10-23 00:00:00
200827,17,2007-10-30 00:00:00,2007-12-19 00:00:00
200829,10,2006-11-07 00:00:00,2006-12-15 00:00:00
200840,5,2006-11-15 00:00:00,2006-12-29 00:00:00
200847,2,2017-10-04 00:00:00,2017-10-10 00:00:00
200848,8,2006-11-21 00:00:00,2006-12-20 00:00:00
201141,106,2008-10-28 00:00:00,2014-06-12 00:00:00
201142,1018,2007-10-31 00:00:00,2023-05-11 00:00:00
201143,1043,2007-11-02 00:00:00,2023-05-29 00:00:00
201144,945,2007-11-07 00:00:00,2023-04-25 00:00:00
201145,1075,2007-10-31 00:00:00,2023-06-09 00:00:00
201146,244,2007-11-03 00:00:00,2016-10-21 00:00:00
201147,723,2007-11-02 00:00:00,2020-08-13 00:00:00
201148,351,2007-11-06 00:00:00,2018-02-06 00:00:00
201149,609,2007-11-06 00:00:00,2020-09-13 00:00:00
201150,604,2007-11-10 00:00:00,2017-04-20 00:00:00
201151,177,2007-11-02 00:00:00,2011-03-21 00:00:00
201152,1053,2007-11-07 00:00:00,2023-03-10 00:00:00
201153,219,2007-11-04 00:00:00,2011-04-13 00:00:00
201154,263,2007-11-04 00:00:00,2011-04-13 00:00:00
201155,551,2007-12-21 00:00:00,2017-03-26 00:00:00
201156,653,2007-10-31 00:00:00,2018-12-22 00:00:00
201159,99,2007-11-02 00:00:00,2009-04-15 00:00:00
201160,554,2007-10-31 00:00:00,2019-03-15 00:00:00
201161,294,2007-11-02 00:00:00,2013-05-13 00:00:00
201162,808,2007-11-04 00:00:00,2021-06-03 00:00:00
201164,245,2008-10-28 00:00:00,2012-03-19 00:00:00
201165,32,2007-11-07 00:00:00,2012-04-26 00:00:00
201166,595,2007-11-17 00:00:00,2018-04-23 00:00:00
201171,422,2007-11-24 00:00:00,2016-04-05 00:00:00
201176,46,2007-11-06 00:00:00,2009-03-19 00:00:00
201177,362,2007-11-19 00:00:00,2018-01-22 00:00:00
201180,9,2008-12-07 00:00:00,2009-02-02 00:00:00
201181,63,2007-11-09 00:00:00,2010-04-25 00:00:00
201186,13,2008-03-21 00:00:00,2008-04-14 00:00:00
201187,288,2007-10-31 00:00:00,2013-10-25 00:00:00
201189,257,2007-11-02 00:00:00,2014-04-16 00:00:00
201192,15,2007-11-03 00:00:00,2008-03-24 00:00:00
201193,15,2007-11-28 00:00:00,2009-03-20 00:00:00
201196,623,2008-03-09 00:00:00,2018-04-10 00:00:00
201199,29,2007-11-02 00:00:00,2008-04-11 00:00:00
201203,22,2011-01-22 00:00:00,2014-03-20 00:00:00
201207,23,2007-10-30 00:00:00,2010-02-06 00:00:00
201208,14,2007-10-31 00:00:00,2012-04-26 00:00:00
201228,531,2008-01-09 00:00:00,2017-04-08 00:00:00
201229,641,2008-11-11 00:00:00,2021-05-26 00:00:00
201234,24,2009-02-03 00:00:00,2014-10-24 00:00:00
201446,40,2008-10-29 00:00:00,2009-04-15 00:00:00
201563,517,2008-10-29 00:00:00,2019-02-05 00:00:00
201564,448,2008-10-31 00:00:00,2016-03-07 00:00:00
201565,696,2008-10-28 00:00:00,2023-04-21 00:00:00
201566,1055,2008-10-29 00:00:00,2023-04-25 00:00:00
201567,866,2008-11-01 00:00:00,2023-06-09 00:00:00
201569,785,2008-10-29 00:00:00,2023-04-25 00:00:00
201570,61,2008-11-02 00:00:00,2010-03-27 00:00:00
201571,884,2008-10-30 00:00:00,2022-04-10 00:00:00
201572,900,2008-10-29 00:00:00,2023-04-24 00:00:00
201573,502,2008-10-28 00:00:00,2019-04-05 00:00:00
201575,457,2008-11-01 00:00:00,2017-10-06 00:00:00
201576,201,2008-11-03 00:00:00,2014-04-16 00:00:00
201580,809,2008-10-29 00:00:00,2023-04-07 00:00:00
201588,926,2008-11-04 00:00:00,2023-04-09 00:00:00
201589,445,2008-10-31 00:00:00,2018-03-21 00:00:00
201590,229,2008-10-31 00:00:00,2012-04-26 00:00:00
201592,34,2009-02-22 00:00:00,2010-04-14 00:00:00
201595,126,2008-11-29 00:00:00,2015-05-12 00:00:00
201599,955,2008-11-22 00:00:00,2023-04-23 00:00:00
201601,621,2008-10-28 00:00:00,2020-08-11 00:00:00
201603,168,2009-01-17 00:00:00,2016-03-26 00:00:00
201606,34,2008-11-04 00:00:00,2009-02-11 00:00:00
201607,7,2011-04-01 00:00:00,2011-04-28 00:00:00
201612,58,2009-01-31 00:00:00,2010-04-12 00:00:00
201616,123,2008-11-25 00:00:00,2011-04-13 00:00:00
201628,152,2008-10-31 00:00:00,2018-01-03 00:00:00
201629,23,2008-11-11 00:00:00,2009-12-26 00:00:00
201634,12,2008-10-29 00:00:00,2008-12-28 00:00:00
201814,111,2010-10-27 00:00:00,2013-10-17 00:00:00
201858,191,2009-02-02 00:00:00,2015-04-12 00:00:00
201933,733,2010-10-27 00:00:00,2023-04-25 00:00:00
201934,154,2009-10-28 00:00:00,2014-10-12 00:00:00
201935,1038,2009-10-28 00:00:00,2023-05-14 00:00:00
201936,495,2009-10-28 00:00:00,2019-04-21 00:00:00
201938,144,2009-10-28 00:00:00,2012-04-26 00:00:00
201939,904,2009-10-28 00:00:00,2023-05-12 00:00:00
201941,389,2009-10-28 00:00:00,2017-04-04 00:00:00
201942,955,2009-10-28 00:00:00,2023-04-09 00:00:00
201944,120,2009-10-28 00:00:00,2013-05-03 00:00:00
201945,458,2009-10-28 00:00:00,2017-04-12 00:00:00
201946,379,2009-11-06 00:00:00,2017-10-02 00:00:00
201947,205,2009-10-28 00:00:00,2015-05-01 00:00:00
201948,232,2009-10-30 00:00:00,2015-10-19 00:00:00
201949,697,2009-10-30 00:00:00,2023-04-09 00:00:00
201950,861,2009-10-30 00:00:00,2023-04-24 00:00:00
201951,492,2009-10-28 00:00:00,2018-04-22 00:00:00
201952,790,2009-10-30 00:00:00,2021-07-20 00:00:00
201953,216,2009-10-28 00:00:00,2014-03-12 00:00:00
201954,638,2009-10-28 00:00:00,2021-12-29 00:00:00
201956,512,2009-10-28 00:00:00,2019-01-25 00:00:00
201957,134,2009-12-28 00:00:00,2014-04-12 00:00:00
201958,129,2009-10-30 00:00:00,2012-05-03 00:00:00
201959,887,2009-10-29 00:00:00,2023-03-31 00:00:00
201960,534,2009-10-28 00:00:00,2020-08-18 00:00:00
201961,669,2009-10-28 00:00:00,2022-04-10 00:00:00
201962,326,2009-10-28 00:00:00,2017-03-16 00:00:00
201965,220,2009-12-22 00:00:00,2016-04-27 00:00:00
201966,66,2009-11-02 00:00:00,2013-10-24 00:00:00
201967,615,2009-11-08 00:00:00,2019-04-25 00:00:00
201969,74,2009-11-04 00:00:00,2015-10-22 00:00:00
201970,196,2009-10-28 00:00:00,2013-10-09 00:00:00
201971,386,2009-10-28 00:00:00,2016-02-11 00:00:00
201974,157,2009-10-28 00:00:00,2012-04-25 00:00:00
201975,468,2009-11-03 00:00:00,2019-06-05 00:00:00
201977,404,2009-11-06 00:00:00,2017-01-03 00:00:00
201978,355,2009-10-27 00:00:00,2016-10-17 00:00:00
201980,863,2009-11-12 00:00:00,2023-04-26 00:00:00
201985,203,2009-10-30 00:00:00,2015-03-30 00:00:00
201988,839,2010-01-04 00:00:00,2023-04-22 00:00:00
201991,65,2009-10-28 00:00:00,2015-05-17 00:00:00
202322,623,2010-10-28 00:00:00,2023-01-13 00:00:00
202323,646,2010-10-29 00:00:00,2020-02-03 00:00:00
202324,713,2010-10-27 00:00:00,2022-10-07 00:00:00
202325,545,2010-10-27 00:00:00,2019-03-31 00:00:00
202326,572,2010-10-27 00:00:00,2022-04-27 00:00:00
202327,303,2010-12-10 00:00:00,2019-04-17 00:00:00
202328,552,2010-10-30 00:00:00,2022-04-29 00:00:00
202329,635,2010-10-27 00:00:00,2021-10-06 00:00:00
202330,701,2010-10-27 00:00:00,2023-03-26 00:00:00
202331,790,2010-10-27 00:00:00,2023-03-21 00:00:00
202332,288,2010-10-31 00:00:00,2018-04-09 00:00:00
202333,124,2010-10-27 00:00:00,2014-11-21 00:00:00
202334,640,2010-12-01 00:00:00,2022-04-08 00:00:00
202335,654,2010-12-17 00:00:00,2021-10-13 00:00:00
202336,162,2010-10-27 00:00:00,2017-04-10 00:00:00
202337,314,2010-11-01 00:00:00,2018-04-19 00:00:00
202339,693,2010-10-27 00:00:00,2022-02-03 00:00:00
202340,619,2010-11-22 00:00:00,2022-04-05 00:00:00
202341,203,2010-10-27 00:00:00,2016-04-13 00:00:00
202342,15,2010-12-27 00:00:00,2012-04-26 00:00:00
202344,485,2010-10-28 00:00:00,2018-04-29 00:00:00
202345,48,2010-10-27 00:00:00,2014-10-22 00:00:00
202346,41,2010-10-27 00:00:00,2012-04-26 00:00:00
202348,222,2010-10-27 00:00:00,2018-04-28 00:00:00
202349,328,2010-10-30 00:00:00,2016-10-29 00:00:00
202350,38,2012-01-27 00:00:00,2014-01-06 00:00:00
202351,68,2010-10-29 00:00:00,2013-10-07 00:00:00
202354,36,2011-04-13 00:00:00,2014-10-11 00:00:00
202355,503,2010-10-27 00:00:00,2022-04-28 00:00:00
202356,45,2010-10-26 00:00:00,2012-04-26 00:00:00
202358,2,2015-10-07 00:00:00,2015-10-09 00:00:00
202359,4,2012-01-07 00:00:00,2012-01-13 00:00:00
202360,6,2010-11-09 00:00:00,2017-10-05 00:00:00
202362,508,2011-02-27 00:00:00,2022-04-10 00:00:00
202365,53,2010-10-31 00:00:00,2013-10-19 00:00:00
202371,6,2010-12-31 00:00:00,2013-10-17 00:00:00
202374,24,2010-11-13 00:00:00,2012-04-26 00:00:00
202376,61,2010-11-02 00:00:00,2012-04-26 00:00:00
202378,18,2010-11-01 00:00:00,2011-02-26 00:00:00
202382,39,2010-10-26 00:00:00,2011-04-13 00:00:00
202395,16,2010-11-03 00:00:00,2011-02-15 00:00:00
202399,101,2010-10-27 00:00:00,2015-10-19 00:00:00
202412,84,2010-10-29 00:00:00,2017-03-21 00:00:00
202681,646,2011-12-26 00:00:00,2023-04-05 00:00:00
202682,354,2011-12-26 00:00:00,2018-03-14 00:00:00
202683,699,2011-12-27 00:00:00,2022-02-08 00:00:00
202684,687,2011-12-26 00:00:00,2023-05-18 00:00:00
202688,356,2011-12-26 00:00:00,2022-04-01 00:00:00
202689,683,2011-12-26 00:00:00,2023-01-05 00:00:00
202691,748,2011-12-25 00:00:00,2023-05-12 00:00:00
202692,595,2011-12-27 00:00:00,2023-03-06 00:00:00
202693,693,2011-12-26 00:00:00,2023-04-09 00:00:00
202694,733,2011-12-26 00:00:00,2023-04-25 00:00:00
202695,668,2011-12-26 00:00:00,2023-04-18 00:00:00
202696,739,2011-12-28 00:00:00,2023-04-09 00:00:00
202697,463,2011-12-25 00:00:00,2021-02-27 00:00:00
202698,85,2011-12-26 00:00:00,2014-10-21 00:00:00
202699,786,2012-01-07 00:00:00,2023-05-14 00:00:00
202701,41,2011-12-26 00:00:00,2012-04-26 00:00:00
202702,403,2012-02-02 00:00:00,2019-04-30 00:00:00
202705,124,2011-12-26 00:00:00,2018-12-31 00:00:00
202706,116,2012-02-02 00:00:00,2016-04-13 00:00:00
202707,31,2011-12-28 00:00:00,2012-04-26 00:00:00
202708,323,2011-12-25 00:00:00,2022-09-30 00:00:00
202709,783,2011-12-26 00:00:00,2023-04-09 00:00:00
202710,742,2012-01-01 00:00:00,2023-06-09 00:00:00
202712,26,2011-12-26 00:00:00,2017-03-06 00:00:00
202713,272,2013-10-08 00:00:00,2018-02-24 00:00:00
202714,437,2011-12-26 00:00:00,2019-03-31 00:00:00
202715,13,2011-12-31 00:00:00,2012-04-26 00:00:00
202716,38,2012-01-02 00:00:00,2012-04-26 00:00:00
202717,22,2011-12-28 00:00:00,2012-04-24 00:00:00
202718,352,2011-12-29 00:00:00,2019-12-27 00:00:00
202719,80,2011-12-25 00:00:00,2015-10-15 00:00:00
202720,359,2011-12-26 00:00:00,2019-04-14 00:00:00
202721,93,2012-01-11 00:00:00,2015-05-01 00:00:00
202723,21,2012-03-10 00:00:00,2014-12-10 00:00:00
202724,44,2011-12-25 00:00:00,2012-04-26 00:00:00
202726,54,2011-12-26 00:00:00,2016-04-16 00:00:00
202727,10,2011-12-28 00:00:00,2017-10-02 00:00:00
202728,11,2012-03-24 00:00:00,2016-10-15 00:00:00
202729,25,2011-12-28 00:00:00,2012-05-05 00:00:00
202732,144,2012-02-22 00:00:00,2018-05-06 00:00:00
202734,527,2011-12-25 00:00:00,2021-10-13 00:00:00
202738,475,2011-12-26 00:00:00,2022-04-10 00:00:00
203076,636,2013-10-05 00:00:00,2023-05-18 00:00:00
203077,370,2013-10-08 00:00:00,2020-08-30 00:00:00
203078,677,2013-10-08 00:00:00,2023-03-21 00:00:00
203079,367,2013-10-08 00:00:00,2020-09-06 00:00:00
203080,252,2013-10-07 00:00:00,2017-04-12 00:00:00
203081,724,2013-10-07 00:00:00,2023-03-22 00:00:00
203082,691,2013-10-07 00:00:00,2023-05-11 00:00:00
203083,705,2013-10-08 00:00:00,2023-04-09 00:00:00
203084,781,2013-04-20 00:00:00,2023-04-30 00:00:00
203085,686,2013-10-05 00:00:00,2023-04-25 00:00:00
203086,403,2013-10-07 00:00:00,2023-04-22 00:00:00
203087,546,2013-10-05 00:00:00,2022-04-10 00:00:00
203088,114,2013-10-07 00:00:00,2017-10-06 00:00:00
203089,381,2013-04-21 00:00:00,2020-03-08 00:00:00
203090,562,2013-10-09 00:00:00,2022-03-16 00:00:00
203091,6,2013-10-11 00:00:00,2014-03-23 00:00:00
203092,346,2013-10-30 00:00:00,2020-08-03 00:00:00
203093,241,2013-04-21 00:00:00,2022-09-30 00:00:00
203094,211,2013-10-09 00:00:00,2017-04-12 00:00:00
203096,233,2013-10-07 00:00:00,2017-02-08 00:00:00
203097,3,2013-10-09 00:00:00,2013-10-19 00:00:00
203098,124,2013-04-21 00:00:00,2019-04-10 00:00:00
203099,85,2013-10-07 00:00:00,2016-03-25 00:00:00
203100,118,2013-04-20 00:00:00,2016-10-06 00:00:00
203101,329,2013-10-07 00:00:00,2018-12-31 00:00:00
203102,15,2014-02-09 00:00:00,2014-10-20 00:00:00
203103,122,2013-04-21 00:00:00,2017-10-08 00:00:00
203104,57,2013-04-29 00:00:00,2018-04-04 00:00:00
203105,139,2013-04-20 00:00:00,2016-06-19 00:00:00
203106,57,2013-10-08 00:00:00,2015-04-15 00:00:00
203107,376,2016-10-06 00:00:00,2022-04-10 00:00:00
203108,55,2013-10-07 00:00:00,2015-04-21 00:00:00
203109,750,2013-10-07 00:00:00,2023-04-22 00:00:00
203110,799,2013-04-20 00:00:00,2023-05-12 00:00:00
203111,72,2013-04-21 00:00:00,2016-10-19 00:00:00
203112,301,2013-10-11 00:00:00,2019-01-25 00:00:00
203113,71,2013-10-06 00:00:00,2015-10-14 00:00:00
203114,693,2013-10-08 00:00:00,2023-04-24 00:00:00
203115,608,2013-10-07 00:00:00,2023-04-09 00:00:00
203116,26,2013-04-20 00:00:00,2014-01-16 00:00:00
203117,49,2013-11-16 00:00:00,2014-10-24 00:00:00
203118,550,2013-04-21 00:00:00,2021-06-08 00:00:00
203121,219,2013-12-04 00:00:00,2021-04-05 00:00:00
203122,3,2014-10-07 00:00:00,2016-10-05 00:00:00
203124,405,2013-10-09 00:00:00,2020-08-19 00:00:00
203126,4,2013-10-14 00:00:00,2013-10-22 00:00:00
203130,6,2013-10-06 00:00:00,2014-03-22 00:00:00
203133,102,2013-10-07 00:00:00,2016-10-21 00:00:00
203138,257,2013-10-06 00:00:00,2017-03-08 00:00:00
203156,144,2013-10-08 00:00:00,2016-10-19 00:00:00
203158,3,2014-10-04 00:00:00,2014-10-23 00:00:00
203159,13,2013-04-28 00:00:00,2019-03-27 00:00:00
203183,3,2014-03-05 00:00:00,2014-03-11 00:00:00
203318,26,2013-10-08 00:00:00,2014-11-07 00:00:00
203457,465,2014-10-06 00:00:00,2023-03-12 00:00:00
203458,599,2013-10-07 00:00:00,2023-04-30 00:00:00
203459,387,2013-10-07 00:00:00,2020-02-21 00:00:00
203460,323,2013-10-05 00:00:00,2021-03-03 00:00:00
203462,180,2013-10-07 00:00:00,2017-10-11 00:00:00
203463,558,2013-10-07 00:00:00,2022-04-10 00:00:00
203464,68,2016-10-04 00:00:00,2018-04-19 00:00:00
203466,3,2013-10-09 00:00:00,2013-10-23 00:00:00
203467,13,2013-10-08 00:00:00,2017-10-13 00:00:00
203468,694,2014-01-08 00:00:00,2023-04-07 00:00:00
203469,534,2013-10-08 00:00:00,2023-06-09 00:00:00
203471,709,2013-10-07 00:00:00,2023-05-18 00:00:00
203472,2,2015-10-12 00:00:00,2015-10-14 00:00:00
203473,526,2013-10-05 00:00:00,2023-05-03 00:00:00
203475,59,2014-10-06 00:00:00,2016-02-10 00:00:00
203476,617,2013-10-09 00:00:00,2023-04-09 00:00:00
203477,240,2013-10-05 00:00:00,2019-03-02 00:00:00
203479,28,2013-10-07 00:00:00,2015-04-15 00:00:00
203480,5,2013-10-15 00:00:00,2014-04-14 00:00:00
203481,214,2013-10-05 00:00:00,2017-12-14 00:00:00
203482,693,2013-10-07 00:00:00,2023-04-09 00:00:00
203483,7,2013-10-08 00:00:00,2013-10-24 00:00:00
203484,766,2013-10-08 00:00:00,2023-06-09 00:00:00
203485,109,2013-10-09 00:00:00,2019-01-06 00:00:00
203486,767,2013-10-08 00:00:00,2023-04-25 00:00:00
203487,388,2013-10-06 00:00:00,2023-04-09 00:00:00
203488,505,2014-03-02 00:00:00,2023-05-29 00:00:00
203489,89,2013-10-08 00:00:00,2017-12-20 00:00:00
203490,556,2013-12-06 00:00:00,2022-11-14 00:00:00
203491,24,2013-10-12 00:00:00,2014-04-13 00:00:00
203492,162,2013-10-07 00:00:00,2016-10-17 00:00:00
203493,514,2013-10-23 00:00:00,2023-04-07 00:00:00
203494,1,2013-10-11 00:00:00,2013-10-11 00:00:00
203495,37,2013-10-07 00:00:00,2015-04-15 00:00:00
203496,600,2013-10-05 00:00:00,2023-04-22 00:00:00
203497,695,2013-10-08 00:00:00,2023-04-25 00:00:00
203498,276,2013-10-07 00:00:00,2018-04-28 00:00:00
203499,255,2013-11-18 00:00:00,2018-05-07 00:00:00
203500,725,2013-10-05 00:00:00,2023-01-22 00:00:00
203501,654,2013-10-09 00:00:00,2023-04-05 00:00:00
203502,23,2013-10-08 00:00:00,2014-10-23 00:00:00
203503,627,2013-10-05 00:00:00,2022-04-09 00:00:00
203504,497,2013-10-08 00:00:00,2022-05-26 00:00:00
203505,17,2013-10-06 00:00:00,2018-01-01 00:00:00
203506,506,2013-10-09 00:00:00,2023-04-22 00:00:00
203509,1,2013-10-14 00:00:00,2013-10-14 00:00:00
203510,12,2015-10-16 00:00:00,2017-01-26 00:00:00
203511,11,2014-11-28 00:00:00,2016-10-16 00:00:00
203513,33,2013-10-05 00:00:00,2014-10-16 00:00:00
203515,153,2013-10-09 00:00:00,2016-10-15 00:00:00
203516,406,2014-10-04 00:00:00,2022-01-16 00:00:00
203519,10,2013-10-13 00:00:00,2015-10-13 00:00:00
203524,474,2013-10-05 00:00:00,2021-12-05 00:00:00
203527,162,2013-10-15 00:00:00,2017-04-12 00:00:00
203552,457,2013-10-05 00:00:00,2023-04-22 00:00:00
203561,80,2013-10-07 00:00:00,2014-12-30 00:00:00
203648,185,2015-10-09 00:00:00,2023-04-22 00:00:00
203658,37,2019-11-29 00:00:00,2022-01-10 00:00:00
2037,1229,2000-10-31 00:00:00,2020-08-04 00:00:00
203798,118,2014-10-08 00:00:00,2016-04-19 00:00:00
203893,39,2014-10-04 00:00:00,2015-12-27 00:00:00
203894,341,2014-10-04 00:00:00,2020-08-07 00:00:00
203895,126,2015-10-08 00:00:00,2020-03-11 00:00:00
203897,523,2014-10-07 00:00:00,2023-04-09 00:00:00
203898,183,2014-10-08 00:00:00,2018-04-11 00:00:00
203900,116,2014-10-07 00:00:00,2018-02-11 00:00:00
203901,489,2014-10-07 00:00:00,2022-05-15 00:00:00
203902,64,2016-10-05 00:00:00,2017-10-08 00:00:00
203903,669,2014-10-06 00:00:00,2023-02-25 00:00:00
203905,3,2014-10-09 00:00:00,2014-10-19 00:00:00
203906,52,2014-10-07 00:00:00,2016-04-13 00:00:00
203909,163,2014-10-06 00:00:00,2017-10-13 00:00:00
203910,47,2014-10-07 00:00:00,2016-10-18 00:00:00
203912,73,2014-10-07 00:00:00,2017-03-27 00:00:00
203913,25,2014-10-12 00:00:00,2015-10-22 00:00:00
203914,508,2014-10-06 00:00:00,2023-04-04 00:00:00
203915,478,2014-10-23 00:00:00,2023-04-22 00:00:00
203917,342,2014-10-05 00:00:00,2022-06-16 00:00:00
203918,460,2014-10-13 00:00:00,2022-04-10 00:00:00
203919,39,2014-10-08 00:00:00,2015-11-02 00:00:00
203920,303,2014-10-04 00:00:00,2022-12-29 00:00:00
203921,61,2014-10-08 00:00:00,2016-04-12 00:00:00
203922,307,2014-10-07 00:00:00,2021-02-18 00:00:00
203923,111,2014-10-06 00:00:00,2018-03-21 00:00:00
203924,609,2014-11-29 00:00:00,2023-03-12 00:00:00
203925,495,2014-10-05 00:00:00,2023-04-22 00:00:00
203926,572,2014-10-06 00:00:00,2023-04-04 00:00:00
203927,7,2014-10-07 00:00:00,2015-10-15 00:00:00
203928,67,2014-10-07 00:00:00,2016-10-18 00:00:00
203929,4,2015-10-03 00:00:00,2015-10-17 00:00:00
203930,159,2015-03-19 00:00:00,2018-04-11 00:00:00
203932,616,2014-10-07 00:00:00,2023-06-09 00:00:00
203933,369,2014-10-08 00:00:00,2023-05-11 00:00:00
203934,48,2015-10-07 00:00:00,2017-02-15 00:00:00
203935,660,2014-10-06 00:00:00,2023-05-29 00:00:00
203937,599,2014-10-11 00:00:00,2023-04-23 00:00:00
203939,583,2014-10-06 00:00:00,2023-04-07 00:00:00
203940,109,2014-10-06 00:00:00,2017-12-23 00:00:00
203942,7,2014-10-04 00:00:00,2014-10-23 00:00:00
203943,364,2014-10-20 00:00:00,2023-01-03 00:00:00
203944,605,2014-10-06 00:00:00,2023-05-12 00:00:00
203945,8,2014-10-05 00:00:00,2015-01-04 00:00:00
203946,37,2014-10-07 00:00:00,2016-03-02 00:00:00
203947,2,2015-10-10 00:00:00,2015-10-14 00:00:00
203948,152,2014-10-08 00:00:00,2021-10-08 00:00:00
203949,143,2014-10-07 00:00:00,2018-01-05 00:00:00
203950,46,2014-10-08 00:00:00,2016-11-10 00:00:00
203957,256,2014-10-07 00:00:00,2021-10-11 00:00:00
204456,539,2015-10-08 00:00:00,2023-04-05 00:00:00
2049,312,2001-11-03 00:00:00,2009-04-19 00:00:00
2051,180,2000-12-08 00:00:00,2005-02-13 00:00:00
2056,292,2001-11-10 00:00:00,2010-05-02 00:00:00
2058,445,2000-10-31 00:00:00,2009-04-11 00:00:00
2059,596,2000-10-31 00:00:00,2012-04-06 00:00:00
2060,406,2002-10-30 00:00:00,2013-10-14 00:00:00
2061,120,2000-11-11 00:00:00,2003-12-17 00:00:00
2062,72,2000-10-31 00:00:00,2002-11-20 00:00:00
2064,47,2000-10-31 00:00:00,2001-02-22 00:00:00
2065,16,2001-03-04 00:00:00,2001-04-18 00:00:00
2067,672,2000-11-01 00:00:00,2011-06-12 00:00:00
2068,54,2000-10-31 00:00:00,2003-04-15 00:00:00
2072,565,2000-11-02 00:00:00,2012-04-25 00:00:00
2074,101,2001-02-07 00:00:00,2005-05-01 00:00:00
2078,315,2001-04-17 00:00:00,2010-02-10 00:00:00
2080,39,2002-11-01 00:00:00,2003-04-06 00:00:00
2081,2,2001-11-16 00:00:00,2002-04-14 00:00:00
2082,6,2001-04-05 00:00:00,2001-04-18 00:00:00
2084,41,2000-11-14 00:00:00,2001-04-18 00:00:00
2109,171,2001-03-30 00:00:00,2009-02-22 00:00:00
2121,3,2000-11-20 00:00:00,2000-11-29 00:00:00
2124,448,2001-11-30 00:00:00,2011-04-26 00:00:00
2198,519,2001-10-30 00:00:00,2012-01-10 00:00:00
2199,1057,2001-10-31 00:00:00,2020-02-09 00:00:00
2201,453,2001-10-31 00:00:00,2012-04-26 00:00:00
2202,749,2001-10-31 00:00:00,2015-04-11 00:00:00
2203,913,2001-11-01 00:00:00,2014-06-15 00:00:00
2204,269,2001-10-30 00:00:00,2006-12-13 00:00:00
2205,524,2001-12-01 00:00:00,2013-10-23 00:00:00
2206,197,2001-11-01 00:00:00,2005-04-20 00:00:00
2207,1202,2001-10-31 00:00:00,2021-12-22 00:00:00
2210,1123,2001-10-30 00:00:00,2018-03-21 00:00:00
2211,608,2001-10-31 00:00:00,2012-05-21 00:00:00
2212,366,2001-11-02 00:00:00,2010-02-06 00:00:00
2213,23,2001-12-07 00:00:00,2003-03-07 00:00:00
2214,144,2001-10-31 00:00:00,2006-04-19 00:00:00
2215,675,2001-10-31 00:00:00,2014-04-16 00:00:00
2217,709,2001-11-27 00:00:00,2015-05-26 00:00:00
2218,20,2001-11-21 00:00:00,2003-04-16 00:00:00
2219,81,2001-12-22 00:00:00,2003-05-04 00:00:00
2220,101,2001-11-02 00:00:00,2004-05-20 00:00:00
2224,441,2001-10-30 00:00:00,2013-11-11 00:00:00
2226,105,2001-11-02 00:00:00,2009-04-03 00:00:00
2228,66,2001-10-30 00:00:00,2004-01-03 00:00:00
2230,534,2001-12-19 00:00:00,2012-04-26 00:00:00
2238,26,2001-11-09 00:00:00,2002-04-17 00:00:00
2239,586,2001-10-31 00:00:00,2010-03-24 00:00:00
2240,511,2001-11-04 00:00:00,2012-05-11 00:00:00
2241,17,2004-02-06 00:00:00,2005-04-20 00:00:00
2243,485,2002-01-31 00:00:00,2012-04-26 00:00:00
2245,33,2001-11-03 00:00:00,2005-04-13 00:00:00
2248,737,2001-10-30 00:00:00,2014-05-12 00:00:00
2249,46,2001-11-20 00:00:00,2005-02-11 00:00:00
2250,405,2001-11-01 00:00:00,2012-05-20 00:00:00
2253,40,2002-12-04 00:00:00,2003-12-12 00:00:00
2254,195,2001-11-02 00:00:00,2008-04-19 00:00:00
2256,12,2002-11-16 00:00:00,2003-04-13 00:00:00
2257,36,2001-10-30 00:00:00,2003-12-20 00:00:00
2260,509,2001-11-23 00:00:00,2011-03-17 00:00:00
2294,341,2001-10-30 00:00:00,2011-02-22 00:00:00
2369,9,2002-02-05 00:00:00,2002-04-17 00:00:00
2398,68,2002-10-30 00:00:00,2003-04-15 00:00:00
2399,844,2002-11-01 00:00:00,2017-04-28 00:00:00
2400,753,2002-10-30 00:00:00,2016-04-13 00:00:00
2402,97,2002-11-26 00:00:00,2006-11-11 00:00:00
2403,938,2002-10-30 00:00:00,2019-05-10 00:00:00
2404,503,2002-10-30 00:00:00,2013-04-28 00:00:00
2405,821,2002-10-30 00:00:00,2016-05-11 00:00:00
2406,785,2002-10-30 00:00:00,2022-02-07 00:00:00
2407,541,2002-10-30 00:00:00,2012-05-09 00:00:00
2408,338,2002-11-28 00:00:00,2014-04-16 00:00:00
2409,77,2002-11-02 00:00:00,2010-01-16 00:00:00
2410,392,2002-11-01 00:00:00,2009-04-15 00:00:00
2414,72,2003-11-10 00:00:00,2005-04-12 00:00:00
2415,82,2002-10-29 00:00:00,2005-03-16 00:00:00
2416,327,2002-10-29 00:00:00,2009-11-17 00:00:00
2417,146,2002-10-31 00:00:00,2006-04-19 00:00:00
2421,81,2002-11-01 00:00:00,2005-03-09 00:00:00
2422,760,2002-10-29 00:00:00,2015-02-02 00:00:00
2425,37,2003-01-03 00:00:00,2004-04-09 00:00:00
2428,54,2002-12-03 00:00:00,2003-04-16 00:00:00
2430,791,2002-10-29 00:00:00,2015-04-15 00:00:00
2432,8,2002-12-01 00:00:00,2003-04-06 00:00:00
2435,62,2004-11-12 00:00:00,2006-02-26 00:00:00
2436,459,2002-11-02 00:00:00,2010-04-27 00:00:00
2437,140,2002-11-01 00:00:00,2006-04-19 00:00:00
2440,859,2004-01-19 00:00:00,2017-06-12 00:00:00
2442,1,2003-04-15 00:00:00,2003-04-15 00:00:00
2443,465,2003-10-29 00:00:00,2011-02-23 00:00:00
2446,796,2002-10-30 00:00:00,2016-10-21 00:00:00
2447,73,2002-10-30 00:00:00,2004-12-07 00:00:00
2450,4,2006-01-06 00:00:00,2006-01-14 00:00:00
2451,9,2004-12-04 00:00:00,2005-01-12 00:00:00
2452,92,2002-10-31 00:00:00,2004-03-28 00:00:00
2453,23,2002-11-20 00:00:00,2003-04-02 00:00:00
2457,445,2002-10-29 00:00:00,2014-12-22 00:00:00
2470,249,2002-10-29 00:00:00,2008-04-16 00:00:00
2486,3,2005-02-23 00:00:00,2005-03-14 00:00:00
2501,707,2002-10-30 00:00:00,2015-04-10 00:00:00
2544,1463,2003-10-29 00:00:00,2023-05-18 00:00:00
2545,429,2003-10-31 00:00:00,2012-03-18 00:00:00
2546,1195,2003-10-29 00:00:00,2022-04-05 00:00:00
2547,840,2003-10-29 00:00:00,2016-02-09 00:00:00
2548,1059,2003-10-28 00:00:00,2019-04-10 00:00:00
2549,606,2003-10-30 00:00:00,2016-04-25 00:00:00
2550,792,2003-11-07 00:00:00,2016-05-04 00:00:00
2551,386,2003-10-31 00:00:00,2012-03-07 00:00:00
2552,210,2003-10-29 00:00:00,2007-05-07 00:00:00
2555,843,2004-11-03 00:00:00,2018-04-11 00:00:00
2557,696,2003-10-30 00:00:00,2015-03-27 00:00:00
2559,5,2003-12-13 00:00:00,2004-03-26 00:00:00
2561,999,2003-10-29 00:00:00,2018-06-08 00:00:00
2563,562,2003-11-21 00:00:00,2022-03-22 00:00:00
2567,398,2003-12-28 00:00:00,2014-10-15 00:00:00
2572,486,2003-10-28 00:00:00,2012-05-07 00:00:00
2574,475,2003-10-30 00:00:00,2014-10-21 00:00:00
2575,527,2003-10-28 00:00:00,2012-04-26 00:00:00
2580,36,2003-11-05 00:00:00,2004-04-14 00:00:00
2583,1,2006-04-19 00:00:00,2006-04-19 00:00:00
2584,637,2003-10-28 00:00:00,2015-04-15 00:00:00
2586,572,2003-11-07 00:00:00,2014-01-07 00:00:00
2588,752,2004-11-03 00:00:00,2016-04-13 00:00:00
2590,736,2003-11-01 00:00:00,2016-06-19 00:00:00
2591,10,2006-11-28 00:00:00,2007-01-05 00:00:00
2592,723,2003-12-26 00:00:00,2017-06-09 00:00:00
2594,1201,2003-10-28 00:00:00,2020-09-08 00:00:00
2599,66,2004-01-09 00:00:00,2005-04-20 00:00:00
2602,2,2003-10-29 00:00:00,2003-11-16 00:00:00
2604,48,2004-03-03 00:00:00,2005-03-18 00:00:00
2605,467,2003-10-28 00:00:00,2013-04-25 00:00:00
2617,852,2003-10-28 00:00:00,2023-06-07 00:00:00
2632,6,2003-11-03 00:00:00,2004-12-31 00:00:00
2637,1,2005-11-19 00:00:00,2005-11-19 00:00:00
2639,20,2003-10-29 00:00:00,2004-12-04 00:00:00
2648,155,2004-01-09 00:00:00,2011-01-04 00:00:00
2679,406,2003-11-07 00:00:00,2012-04-26 00:00:00
2688,1,2005-01-17 00:00:00,2005-01-17 00:00:00
2694,321,2005-11-15 00:00:00,2015-10-20 00:00:00
2696,37,2007-01-08 00:00:00,2007-04-18 00:00:00
2730,1202,2004-11-03 00:00:00,2022-04-08 00:00:00
2731,474,2004-11-04 00:00:00,2018-04-19 00:00:00
2732,613,2004-11-06 00:00:00,2015-10-08 00:00:00
2733,797,2004-11-03 00:00:00,2019-06-13 00:00:00
2734,873,2004-11-02 00:00:00,2019-04-09 00:00:00
2735,344,2004-11-03 00:00:00,2017-10-04 00:00:00
2736,793,2004-11-06 00:00:00,2019-02-27 00:00:00
2738,1242,2004-11-03 00:00:00,2023-03-11 00:00:00
2739,69,2004-11-24 00:00:00,2008-02-01 00:00:00
2740,421,2004-11-05 00:00:00,2013-12-16 00:00:00
2743,702,2004-11-03 00:00:00,2017-10-11 00:00:00
2744,795,2004-11-03 00:00:00,2018-04-10 00:00:00
2745,185,2004-11-03 00:00:00,2008-04-16 00:00:00
2746,808,2004-11-03 00:00:00,2017-11-03 00:00:00
2747,959,2004-11-03 00:00:00,2020-10-04 00:00:00
2749,803,2004-11-03 00:00:00,2018-03-13 00:00:00
2750,5,2005-03-19 00:00:00,2005-03-26 00:00:00
2753,425,2004-11-26 00:00:00,2012-05-05 00:00:00
2754,782,2004-11-03 00:00:00,2017-12-10 00:00:00
2756,578,2004-11-03 00:00:00,2017-04-12 00:00:00
2757,752,2004-11-03 00:00:00,2017-04-09 00:00:00
2761,74,2004-11-03 00:00:00,2006-02-22 00:00:00
2762,6,2004-11-03 00:00:00,2005-04-08 00:00:00
2765,13,2005-01-14 00:00:00,2012-02-22 00:00:00
2766,74,2004-12-07 00:00:00,2006-04-19 00:00:00
2768,509,2004-11-06 00:00:00,2013-04-28 00:00:00
2772,1070,2004-11-06 00:00:00,2022-03-31 00:00:00
2774,111,2004-11-04 00:00:00,2007-04-29 00:00:00
2776,69,2004-11-13 00:00:00,2007-03-23 00:00:00
2782,38,2004-11-20 00:00:00,2006-12-23 00:00:00
2784,12,2004-12-15 00:00:00,2005-02-08 00:00:00
2798,15,2004-12-03 00:00:00,2005-04-20 00:00:00
2800,2,2005-01-25 00:00:00,2005-01-26 00:00:00
2810,68,2007-01-05 00:00:00,2008-11-09 00:00:00
2823,55,2004-11-06 00:00:00,2006-04-15 00:00:00
2824,9,2006-11-18 00:00:00,2008-11-04 00:00:00
2845,18,2004-11-10 00:00:00,2005-04-20 00:00:00
2857,60,2004-11-23 00:00:00,2008-03-08 00:00:00
2863,481,2004-11-03 00:00:00,2018-01-06 00:00:00
2866,62,2005-03-21 00:00:00,2007-04-18 00:00:00
2876,40,2004-11-06 00:00:00,2007-04-18 00:00:00
