player_id,overall_pick,round_number
79299,1,1
78109,2,1
76649,3,1
79302,4,1
77048,5,1
76479,6,1
79311,7,1
77088,8,1
77752,9,1
79321,10,1
79296,0,0
79297,0,0
79298,0,0
79300,0,0
79301,0,0
79303,0,0
79304,0,0
79305,0,0
79306,0,0
79307,0,0
79308,0,0
79309,0,0
79310,0,0
79312,0,0
79313,0,0
79314,0,0
76161,0,0
79315,0,0
79316,0,0
79317,0,0
79318,0,0
79319,0,0
79320,0,0
79322,0,0
79323,0,0
78023,0,0
78070,0,0
78185,0,0
78275,0,0
78344,0,0
79295,0,0
79294,0,0
77452,0,0
77462,0,0
77613,0,0
77684,0,0
77686,0,0
77014,0,0
77036,0,0
77072,0,0
77853,0,0
77867,0,0
77938,0,0
76407,0,0
76507,0,0
77999,0,0
76615,0,0
76689,0,0
76769,0,0
76773,0,0
78650,0,0
79278,0,0
79279,0,0
79280,0,0
79281,0,0
79282,0,0
79283,0,0
79284,0,0
79285,0,0
79286,0,0
79287,0,0
79288,0,0
79289,0,0
79290,0,0
79291,0,0
79292,0,0
79293,0,0
78402,0,0
78353,1,1
79374,2,1
79327,3,1
78076,4,1
77590,5,1
76298,6,1
79351,7,1
78573,8,1
79378,9,1
78453,10,1
77918,11,1
77713,12,1
79324,0,0
76711,0,0
78525,0,0
78521,0,0
78483,0,0
78434,0,0
76571,0,0
76438,0,0
76414,0,0
76359,0,0
76306,0,0
78225,0,0
78141,0,0
79388,0,0
79387,0,0
79386,0,0
79385,0,0
79384,0,0
76768,0,0
76773,0,0
76778,0,0
76808,0,0
76080,0,0
76155,0,0
76270,0,0
76937,0,0
76974,0,0
77041,0,0
77436,0,0
77529,0,0
77616,0,0
77217,0,0
77226,0,0
77238,0,0
77303,0,0
77309,0,0
77310,0,0
77317,0,0
77769,0,0
77797,0,0
77801,0,0
77841,0,0
77889,0,0
77968,0,0
78012,0,0
79383,0,0
79382,0,0
79325,0,0
79326,0,0
79328,0,0
79329,0,0
79330,0,0
79331,0,0
79332,0,0
79333,0,0
79334,0,0
79335,0,0
79336,0,0
79337,0,0
79338,0,0
79339,0,0
79340,0,0
79341,0,0
79342,0,0
79343,0,0
79344,0,0
79345,0,0
79346,0,0
79347,0,0
79348,0,0
79349,0,0
79350,0,0
79352,0,0
79353,0,0
79354,0,0
79355,0,0
79356,0,0
79357,0,0
79358,0,0
79359,0,0
79360,0,0
79361,0,0
79362,0,0
79363,0,0
79364,0,0
79365,0,0
79366,0,0
79367,0,0
79368,0,0
79369,0,0
79370,0,0
79371,0,0
79372,0,0
79373,0,0
79375,0,0
79376,0,0
79377,0,0
79379,0,0
79380,0,0
79381,0,0
77425,0,0
78124,1,1
76897,2,1
76959,3,1
77346,4,1
76779,5,1
77392,6,1
77537,7,1
77199,8,1
77249,9,1
78063,10,1
76214,0,6
79389,0,0
79390,0,0
79391,0,0
79392,0,0
79393,0,0
79394,0,0
79395,0,0
79396,0,0
79397,0,0
79398,0,0
79399,0,0
79400,0,0
79401,0,0
79402,0,0
79403,0,0
79404,0,0
79405,0,0
79406,0,0
79407,0,0
79408,0,0
79409,0,0
79410,0,0
79411,0,0
76962,0,0
77218,0,2
77285,0,8
77366,0,3
76190,0,3
76131,0,2
77593,0,0
77659,0,3
77683,0,4
77724,0,2
77758,0,2
77769,0,2
77779,0,3
77834,0,4
77887,0,7
78033,0,8
78074,0,0
78075,0,3
76414,0,2
76452,0,5
79412,0,2
79413,0,0
79414,0,0
79415,0,0
79416,0,0
79417,0,0
79418,0,0
79419,0,0
79420,0,0
79421,0,0
79422,0,0
78405,0,3
78447,0,0
76580,0,5
76585,0,2
76636,0,3
76687,0,4
76835,0,3
77429,0,0
76110,0,2
76098,0,5
78125,1,1
77933,2,1
600003,3,1
78086,4,1
76744,5,1
79437,6,1
78628,7,1
77347,8,1
77559,9,1
77773,10,1
77402,11,1
79481,0,9
79480,0,2
79479,0,3
79478,0,8
79477,0,7
79476,0,6
79475,0,4
79474,0,10
79473,0,3
79472,0,9
79471,0,2
79470,0,6
79469,0,10
79468,0,8
79467,0,5
79466,0,4
79465,0,6
79464,0,7
79463,0,9
79462,0,8
79461,0,10
79460,0,4
79459,0,9
79458,0,6
79482,0,5
79483,0,10
79484,0,11
79485,0,4
79486,0,9
79487,0,8
79488,0,2
79489,0,7
79490,0,3
79491,0,8
79492,0,5
79493,0,4
79494,0,9
79495,0,6
79496,0,10
79497,0,6
79498,0,10
79499,0,3
79500,0,8
79501,0,7
79502,0,4
76551,0,9
76565,0,3
76584,0,3
76797,0,2
76850,0,4
77090,0,7
77268,0,8
79457,0,7
79456,0,8
77441,0,5
77444,0,6
77657,0,3
77675,0,4
78067,0,3
78082,0,2
78126,0,2
77743,0,6
77753,0,4
77775,0,2
77780,0,5
77859,0,2
77959,0,2
76056,0,0
76129,0,5
76186,0,7
76209,0,5
76311,0,3
76326,0,2
76394,0,5
76442,0,2
76496,0,2
79341,0,5
79423,0,7
79424,0,9
79425,0,10
79426,0,8
79427,0,4
79428,0,5
79429,0,9
79430,0,6
79431,0,10
79432,0,5
79433,0,3
79434,0,7
79435,0,7
79436,0,5
79438,0,9
79439,0,8
79440,0,4
79441,0,6
79442,0,3
79443,0,10
79444,0,3
79445,0,6
79446,0,9
79447,0,12
79448,0,7
79449,0,8
79450,0,4
79451,0,11
79452,0,6
79453,0,7
79454,0,8
79455,0,10
77394,0,9
79526,1,1
77089,2,1
79544,3,1
78163,4,1
77513,5,1
78187,6,1
76114,7,1
77912,8,1
78278,9,1
79284,10,2
79559,11,2
79549,12,2
77256,13,2
78066,14,2
79510,15,2
79506,16,2
77902,17,2
77824,18,2
77032,19,2
79525,20,3
79557,21,3
79546,22,3
76705,23,3
76837,24,3
79509,25,3
79505,26,3
76578,27,3
79517,28,3
79538,29,3
79522,30,4
78171,31,4
78359,32,4
79531,33,4
79551,34,4
79512,35,4
79504,36,4
76141,37,4
79516,38,4
79537,39,4
79524,40,5
79561,41,5
79548,42,5
79532,43,5
79550,44,5
79513,45,5
79507,46,5
79435,47,5
77230,48,5
79539,49,5
79521,50,6
77941,51,6
79545,52,6
79530,53,6
79555,54,6
77536,55,6
77422,56,6
79542,57,6
79518,58,6
79535,59,6
79528,60,7
79556,61,7
79543,62,7
79534,63,7
79554,64,7
79511,65,7
79503,66,7
79540,67,7
76555,68,7
79536,69,7
79523,70,8
79560,71,8
79547,72,8
79533,73,8
79552,74,8
79508,75,8
79541,76,8
77849,77,8
79520,78,9
79562,79,9
79553,80,9
79514,81,9
79529,82,10
79558,83,10
79515,84,10
79527,85,11
79519,86,12
78169,0,0
78616,1,1
76081,2,1
76894,3,1
79618,4,1
77868,5,1
79570,6,1
77397,7,1
79607,8,1
77414,9,1
76891,0,0
79582,0,0
79581,0,0
79580,0,0
79579,0,0
79578,0,0
79577,0,0
79576,0,0
79575,0,0
79574,0,0
79573,0,0
79572,0,0
79571,0,0
79569,0,8
79568,0,3
79567,0,5
79566,0,2
79565,0,7
79564,0,9
79563,0,6
79534,0,0
79583,0,0
79584,0,0
79585,0,0
79586,0,0
79587,0,0
79588,0,0
79589,0,0
79590,0,0
79591,0,0
79592,0,0
79593,0,0
79594,0,0
79595,0,0
79596,0,0
79597,0,0
79598,0,0
79599,0,0
79600,0,0
79601,0,0
79602,0,0
78639,0,0
76301,0,0
76428,0,10
76434,0,0
76536,0,2
79635,0,0
79634,0,0
76986,0,4
77045,0,0
76241,0,0
76246,0,0
77430,0,0
77499,0,0
77549,0,0
77551,0,0
77563,0,0
77573,0,0
77599,0,0
77619,0,0
78280,0,0
77843,0,0
77886,0,0
77900,0,0
77947,0,0
78446,0,0
78506,0,0
79603,0,0
79604,0,0
79605,0,0
79606,0,0
79608,0,0
79609,0,0
79610,0,0
79611,0,0
79612,0,0
79613,0,0
79614,0,0
79615,0,0
79616,0,0
79617,0,0
79619,0,0
79620,0,0
79621,0,0
79622,0,0
79623,0,0
79624,0,0
79625,0,0
79626,0,0
79627,0,0
79628,0,0
79629,0,0
79630,0,0
79631,0,0
79632,0,0
79633,0,0
76557,0,0
76704,1,1
77062,2,1
77624,3,1
77932,4,1
77907,5,1
77695,6,1
76760,7,1
79722,0,0
79721,0,0
79720,0,0
79719,0,0
79718,0,0
79717,0,0
79716,0,0
79715,0,0
79714,0,0
79713,0,0
79712,0,0
79711,0,0
79710,0,0
79709,0,0
79708,0,0
79707,0,0
79706,0,0
79705,0,0
79704,0,0
79703,0,0
79702,0,0
79701,0,0
79700,0,0
79699,0,0
79698,0,0
79723,0,0
79724,0,0
79725,0,0
79726,0,0
79636,0,12
77725,0,0
77843,0,0
77922,0,0
77925,0,0
77247,0,0
77292,0,0
78061,0,5
78106,0,0
78212,0,0
78284,0,0
78371,0,7
76611,0,0
76626,0,0
76701,0,0
76800,0,0
76886,0,3
76912,0,3
76998,0,2
77049,0,5
76008,0,2
76069,0,0
76136,0,0
76145,0,0
79697,0,0
79696,0,0
79637,0,9
79638,0,8
79639,0,10
79640,0,4
79641,0,2
79642,0,11
79643,0,6
79644,0,4
79645,0,0
79646,0,3
79647,0,0
79648,0,0
79649,0,0
79650,0,0
79651,0,0
79652,0,8
79653,0,11
79654,0,12
79655,0,6
79656,0,10
79657,0,4
79658,0,7
79659,0,9
79660,0,5
79661,0,0
79662,0,0
79663,0,0
79664,0,0
79665,0,0
79666,0,0
79695,0,0
79694,0,0
79693,0,0
79692,0,0
79691,0,0
79690,0,0
79689,0,0
79688,0,0
79687,0,0
79686,0,0
79685,0,0
79684,0,0
79683,0,0
79682,0,0
79681,0,0
79680,0,0
79679,0,0
79678,0,0
79677,0,0
79676,0,0
79675,0,0
79674,0,0
79673,0,0
79672,0,0
79671,0,0
79670,0,0
79669,0,0
79668,0,0
79667,0,0
76196,0,0
78113,1,1
77847,2,1
78142,3,1
78020,4,1
77791,5,1
77248,6,1
77467,7,1
78380,8,1
77219,9,1
77371,10,2
79794,11,2
76454,12,2
79769,13,2
77648,14,2
76693,15,2
77682,16,2
76902,17,2
76160,18,2
79757,19,3
79796,20,3
79750,21,3
79762,22,3
79728,23,3
78374,24,3
79780,25,3
76049,26,3
79775,27,3
79761,28,4
77477,29,4
77722,30,4
79770,31,4
79733,32,4
79786,33,4
78232,34,4
79738,35,4
79777,36,4
79759,37,5
79792,38,5
79745,39,5
79763,40,5
79727,41,5
79788,42,5
76679,43,5
79739,44,5
79771,45,5
79755,46,6
76345,47,6
79752,48,6
79767,49,6
79732,50,6
79787,51,6
76524,52,6
79740,53,6
79776,54,6
79758,55,7
79793,56,7
79744,57,7
79766,58,7
79730,59,7
79785,60,7
79716,61,7
79742,62,7
79773,63,7
79753,64,8
79795,65,8
79747,66,8
76164,67,8
79734,68,8
79782,69,8
79779,70,8
79737,71,8
79774,72,8
79754,73,9
79790,74,9
79748,75,9
79764,76,9
79784,77,9
79778,78,9
79736,79,9
76783,80,9
79760,81,10
79789,82,10
79751,83,10
79768,84,10
79729,85,10
79783,86,10
79781,87,10
79735,88,10
79772,89,10
79756,90,11
79791,91,11
79749,92,11
79765,93,11
79731,94,11
77818,95,11
79743,96,11
79797,97,12
79746,98,12
79741,99,12
77049,100,13
77955,1,1
600016,2,1
77409,3,1
78106,4,1
76429,5,1
77055,6,1
78249,7,2
78388,8,2
76561,9,2
76989,10,2
79816,11,2
77579,12,2
76062,13,2
79861,14,2
76708,15,3
76723,16,3
78072,17,3
79809,18,3
78223,19,3
79839,20,3
79859,21,3
79828,22,3
79868,23,4
79849,24,4
79826,25,4
79802,26,4
79812,27,4
79841,28,4
79830,29,4
79855,30,4
79864,31,5
79845,32,5
79820,33,5
79806,34,5
79811,35,5
79837,36,5
79853,37,5
79831,38,5
79847,0,0
79848,0,0
79846,0,0
79850,0,0
79844,0,0
79851,0,0
79852,0,0
79854,0,0
79856,0,0
79857,0,0
79858,0,0
79860,0,0
79862,0,0
79863,0,0
79865,0,0
79866,0,0
79867,0,0
79869,0,0
79870,0,0
79871,0,0
79872,0,0
76828,0,0
79843,0,0
79842,0,0
76061,0,0
76783,0,0
79798,0,10
79799,0,12
79800,0,13
79801,0,11
79803,0,6
79804,0,7
79805,0,8
79807,0,9
79808,0,14
79810,0,8
79813,0,7
79814,0,12
79815,0,10
79817,0,9
79818,0,6
79819,0,11
79821,0,8
79822,0,10
79823,0,9
79824,0,7
79825,0,6
79827,0,0
77188,0,0
79832,0,0
79833,0,0
79834,0,0
79835,0,0
79836,0,0
79838,0,0
79840,0,0
79829,0,0
76877,1,1
78049,2,1
77818,3,1
78128,4,1
77049,5,1
78216,6,1
77352,7,1
79917,0,0
79918,0,0
79919,0,0
79920,0,0
79921,0,0
79922,0,0
79923,0,0
79924,0,0
79925,0,0
79926,0,0
79927,0,0
79928,0,0
79929,0,0
79930,0,0
79931,0,0
79932,0,0
79933,0,0
77506,0,0
77693,0,0
77188,0,2
77196,0,0
77210,0,0
78256,0,0
78285,0,4
78312,0,0
76919,0,0
76988,0,0
77052,0,0
77862,0,0
77919,0,0
78013,0,0
76006,0,0
76096,0,0
76127,0,0
76156,0,0
76168,0,0
76313,0,0
76617,0,0
79838,0,6
79915,0,0
79844,0,7
79871,0,0
79873,0,9
79874,0,3
79875,0,10
79876,0,5
79877,0,8
79878,0,0
79879,0,0
79880,0,0
79881,0,0
79882,0,0
79883,0,0
79884,0,0
79885,0,0
79886,0,0
79887,0,0
79888,0,0
79889,0,0
79890,0,0
79891,0,0
79892,0,0
79893,0,0
79894,0,0
79895,0,0
79896,0,0
79897,0,0
79898,0,0
79899,0,0
79900,0,0
79901,0,0
79902,0,0
79903,0,0
79904,0,0
79905,0,0
79906,0,0
79907,0,0
79908,0,0
79909,0,0
79910,0,0
79911,0,0
79912,0,0
79913,0,0
79914,0,0
79916,0,0
77082,1,1
78391,2,1
77311,3,1
78529,4,1
77500,5,1
78018,6,1
76203,7,1
77196,8,1
76605,9,2
79960,10,2
79965,11,2
77792,12,2
76758,13,2
79954,14,2
79983,15,2
79939,16,2
77816,17,3
76633,18,3
79966,19,3
79999,20,3
79944,21,3
79952,22,3
79979,23,3
79940,24,3
79971,25,4
79957,26,4
76273,27,4
79994,28,4
79947,29,4
77901,30,4
79982,31,4
79934,32,4
79976,33,5
79958,34,5
79968,35,5
79996,36,5
79946,37,5
79953,38,5
79985,39,5
79943,40,5
79975,41,6
79955,42,6
79964,43,6
79989,44,6
79945,45,6
79951,46,6
79981,47,6
77272,48,6
79972,49,7
79956,50,7
79961,51,7
79995,52,7
79950,53,7
79980,54,7
79935,55,7
79970,56,8
76197,57,8
79963,58,8
79988,59,8
78064,60,8
79986,61,8
79942,62,8
79974,63,9
79959,64,9
79967,65,9
79991,66,9
76929,67,9
79978,68,9
79937,69,9
79977,70,10
79962,71,10
79993,72,10
79948,73,10
79984,74,10
79936,75,10
79973,76,11
79990,77,11
79938,78,11
79969,79,12
79998,80,12
79987,81,12
79997,82,13
79992,83,14
79949,0,0
79941,0,0
76127,1,1
76546,2,1
76694,3,1
76245,4,1
76566,5,1
76774,6,1
78283,7,1
76929,8,2
76969,9,2
76324,10,2
80012,11,2
80019,12,2
76882,13,2
77927,14,2
80005,15,2
76658,16,3
76191,17,3
80024,18,3
80010,19,3
80017,20,3
80051,21,3
76668,22,3
80001,23,3
80036,24,4
79964,25,4
80022,26,4
76464,27,4
80020,28,4
77231,29,4
80058,30,4
80003,31,4
80039,32,5
80041,33,5
80028,34,5
80008,35,5
77751,36,5
80049,37,5
80056,38,5
80000,39,5
80035,40,6
80044,41,6
77555,42,6
80007,43,6
80013,44,6
80050,45,6
80055,46,6
80004,47,6
80031,48,7
78252,49,7
80021,50,7
80009,51,7
80018,52,7
80052,53,7
80060,54,7
80002,55,7
80032,56,8
80042,57,8
80029,58,8
80006,59,8
80014,60,8
80053,61,8
80054,62,8
80034,63,9
78244,64,9
80026,65,9
80011,66,9
80015,67,9
80061,68,9
80037,69,10
77802,70,10
80025,71,10
80016,72,10
80059,73,10
80033,74,11
80048,75,11
80027,76,11
80057,77,11
80038,78,12
80045,79,12
80023,80,12
76293,81,12
80030,82,13
80040,83,13
80046,84,14
78178,85,15
80043,86,16
80047,87,17
78003,0,0
76206,1,1
77070,2,1
76977,3,1
76107,4,1
76867,5,1
77954,6,1
80087,7,2
80085,8,2
78040,9,2
77340,10,2
78358,11,2
80119,12,2
77906,13,2
76900,14,2
80105,15,3
76020,16,3
80075,17,3
78203,18,3
80109,19,3
76034,20,3
80120,21,3
80022,22,3
80100,23,4
77359,24,4
80079,25,4
80090,26,4
77706,27,4
76464,28,4
80114,29,4
80063,30,4
80102,31,5
78590,32,5
80080,33,5
80096,34,5
80112,35,5
80066,36,5
77457,37,5
80064,38,5
80101,39,6
80086,40,6
80078,41,6
80093,42,6
80110,43,6
80068,44,6
80117,45,6
80062,46,6
80106,47,7
80088,48,7
80076,49,7
80092,50,7
80111,51,7
80070,52,7
80113,53,7
80103,54,8
80083,55,8
76906,56,8
80094,57,8
80072,58,8
80116,59,8
80104,60,9
80084,61,9
80074,62,9
80097,63,9
80071,64,9
80118,65,9
80107,66,10
80054,67,10
80077,68,10
80095,69,10
80073,70,10
80115,71,10
80099,72,11
80082,73,11
80081,74,11
80091,75,11
80065,76,11
76108,77,11
80108,78,12
80089,79,12
80021,80,12
80098,81,13
80069,82,13
80067,83,14
76712,0,0
76375,0,0
600015,1,1
78497,2,1
77093,3,1
77639,4,1
78121,5,1
78530,6,1
80142,7,1
78060,8,1
76063,9,2
76297,10,2
80127,11,2
77165,12,2
80186,13,2
77899,14,2
77245,15,2
80125,16,2
76532,17,3
80161,18,3
77562,19,3
80148,20,3
77977,21,3
77327,22,3
80145,23,3
80122,24,3
80177,25,4
80159,26,4
78458,27,4
80155,28,4
80182,29,4
78438,30,4
80147,31,4
80121,32,4
80175,33,5
80157,34,5
80137,35,5
77202,36,5
80097,37,5
76511,38,5
76070,39,5
80123,40,5
80096,41,6
80160,42,6
80129,43,6
80153,44,6
80187,45,6
77339,46,6
80141,47,6
80124,48,6
80179,49,7
77172,50,7
80130,51,7
80154,52,7
80184,53,7
78160,54,7
80143,55,7
78259,56,8
80165,57,8
80138,58,8
80156,59,8
80185,60,8
80189,61,8
80146,62,8
80174,63,9
80164,64,9
80128,65,9
80150,66,9
80183,67,9
80188,68,9
80144,69,9
80178,70,10
80162,71,10
80136,72,10
80152,73,10
80191,74,10
80173,75,11
80158,76,11
80140,77,11
77842,78,11
80190,79,11
80166,80,12
80163,81,12
80134,82,12
80149,83,12
80192,84,12
80171,85,13
80131,86,13
80151,87,13
80167,88,14
80133,89,14
80176,90,15
80126,91,15
80168,92,16
80139,93,16
80169,94,17
80132,95,17
80172,96,18
80135,97,18
80181,98,19
80180,99,20
80170,100,21
76144,1,1
78260,2,1
78147,3,1
78100,4,1
78630,5,1
78458,6,1
77584,7,1
77025,8,1
77855,9,1
77479,10,2
78522,11,2
76647,12,2
80227,13,2
80243,14,2
77421,15,2
77058,16,2
76319,17,2
78382,18,2
80258,19,2
77339,20,2
77295,21,2
80154,22,2
80257,23,2
80200,24,3
77727,25,3
77279,26,3
80221,27,3
77772,28,3
80205,29,3
80247,30,3
80193,31,3
76253,32,3
76182,33,4
80231,34,4
80213,35,4
80223,36,4
80245,37,4
80210,38,4
80251,39,4
80182,40,4
80260,41,4
78209,42,5
80230,43,5
76595,44,5
80225,45,5
80239,46,5
80208,47,5
80246,48,5
80194,49,5
76340,50,5
76295,51,6
80235,52,6
80216,53,6
80226,54,6
80241,55,6
80206,56,6
80253,57,6
80196,58,6
80262,59,6
76318,60,7
78640,61,7
80217,62,7
80219,63,7
80124,64,7
80137,65,7
80254,66,7
80195,67,7
80259,68,7
80203,69,8
80236,70,8
80218,71,8
80222,72,8
80240,73,8
80209,74,8
80256,75,8
80263,76,8
80197,77,9
80232,78,9
80212,79,9
80220,80,9
80244,81,9
80250,82,9
80261,83,9
80198,84,10
80237,85,10
80215,86,10
80228,87,10
80238,88,10
80207,89,10
80249,90,10
76427,91,10
77411,92,11
80234,93,11
80214,94,11
80224,95,11
80242,96,11
80211,97,11
80252,98,11
80204,99,12
77811,100,12
80248,101,12
80201,102,13
80233,103,13
80255,104,13
80199,105,14
80229,106,14
80202,107,15
77531,1,1
77038,2,1
76133,3,1
76382,4,1
77023,5,1
76663,6,1
76970,7,1
76577,8,2
78037,9,2
76610,10,2
77411,11,2
78435,12,2
77765,13,2
78509,14,2
78526,15,2
76729,16,2
77700,17,3
80275,18,3
76946,19,3
80288,20,3
77583,21,3
80300,22,3
76697,23,3
80295,24,3
80268,25,3
78409,26,4
80273,27,4
76896,28,4
76945,29,4
80310,30,4
80307,31,4
80284,32,4
80297,33,4
78270,34,4
80327,35,5
80271,36,5
80318,37,5
80289,38,5
78591,39,5
80308,40,5
80280,41,5
80299,42,5
80267,43,5
80328,44,6
80277,45,6
76363,46,6
80292,47,6
80312,48,6
80303,49,6
80279,50,6
80296,51,6
80269,52,6
80324,53,7
80278,54,7
80319,55,7
80287,56,7
80311,57,7
80302,58,7
77630,59,7
80264,60,7
80333,61,8
80272,62,8
80313,63,8
80293,64,8
76950,65,8
80301,66,8
80282,67,8
80294,68,8
80265,69,8
80325,70,9
80270,71,9
80323,72,9
80291,73,9
80309,74,9
80304,75,9
80281,76,9
80298,77,9
80266,78,9
80326,79,10
80276,80,10
80322,81,10
80290,82,10
80305,83,10
80283,84,10
78170,85,11
80274,86,11
80316,87,11
80306,88,11
80285,89,11
77737,90,12
80315,91,12
80286,92,12
80329,93,13
80314,94,13
80330,95,14
80317,96,14
80332,97,15
80320,98,15
80331,99,16
80321,100,16
77418,0,0
76545,0,0
77015,1,1
78335,2,1
600001,3,1
77596,4,1
78455,5,1
77051,6,1
78270,7,1
80335,8,1
76950,9,2
77150,10,2
77026,11,2
80365,12,2
77270,13,2
80384,14,2
80378,15,2
76809,16,2
80387,17,2
80346,18,3
80391,19,3
80355,20,3
80362,21,3
80374,22,3
80380,23,3
76880,24,3
80366,25,3
80336,26,3
80341,27,4
80393,28,4
80354,29,4
80360,30,4
80371,31,4
80379,32,4
80377,33,4
80367,34,4
80338,35,4
80345,36,5
80394,37,5
80357,38,5
80364,39,5
80372,40,5
80390,41,5
80376,42,5
77200,43,5
80339,44,5
80344,45,6
80397,46,6
80356,47,6
76945,48,6
80373,49,6
80386,50,6
80309,51,6
80369,52,6
80334,53,6
80351,54,7
80392,55,7
80352,56,7
80361,57,7
80370,58,7
78011,59,7
80375,60,7
80368,61,7
80337,62,7
76466,63,8
80396,64,8
80353,65,8
80363,66,8
80389,67,8
80342,68,9
80395,69,9
80358,70,9
80359,71,9
80381,72,9
80343,73,10
80398,74,10
80385,75,10
80340,76,11
80388,77,11
80350,78,12
80382,79,12
80349,80,13
80383,81,13
80348,82,14
80347,83,15
78309,0,0
76105,1,1
76329,2,1
76227,3,1
77103,4,1
77662,5,1
77307,6,1
76458,7,1
77929,8,2
77084,9,2
78151,10,2
80361,11,2
77687,12,2
77297,13,2
77299,14,2
80428,15,2
76201,16,2
80408,17,3
77198,18,3
78173,19,3
77200,20,3
80426,21,3
80446,22,3
77548,23,3
76459,24,3
78328,25,3
76466,26,4
76525,27,4
80467,28,4
80439,29,4
76716,30,4
80453,31,4
80414,32,4
76916,33,4
78268,34,4
80409,35,5
80422,36,5
80463,37,5
80445,38,5
80427,39,5
78651,40,5
80417,41,5
80431,42,5
80404,43,5
80410,44,6
80420,45,6
80458,46,6
80441,47,6
80425,48,6
80448,49,6
80412,50,6
80436,51,6
80403,52,6
76289,53,7
80419,54,7
80464,55,7
80440,56,7
80423,57,7
80452,58,7
80416,59,7
80435,60,7
80401,61,7
80405,62,8
80421,63,8
80466,64,8
80444,65,8
80424,66,8
80454,67,8
80415,68,8
80429,69,8
80399,70,8
80406,71,9
76175,72,9
80437,73,9
80449,74,9
80418,75,9
80433,76,9
80402,77,9
80407,78,10
80462,79,10
80438,80,10
80455,81,10
80413,82,10
80432,83,10
80400,84,10
80411,85,11
80460,86,11
80442,87,11
80451,88,11
80434,89,11
80461,90,12
80443,91,12
80456,92,12
80430,93,12
80465,94,13
80457,95,13
80459,96,14
80447,97,14
80468,98,15
80450,99,15
78579,0,0
76983,0,0
77012,1,1
600013,2,1
78238,3,1
78173,4,1
76487,5,1
78466,6,1
76219,7,1
80471,8,1
76751,9,2
78398,10,2
78399,11,2
80538,12,2
76240,13,2
80474,14,2
77988,15,2
76691,16,2
78474,17,2
76680,18,3
76403,19,3
77928,20,3
80543,21,3
78485,22,3
80527,23,3
77533,24,3
76328,25,3
77259,26,3
80487,27,4
80477,28,4
80489,29,4
80548,30,4
76716,31,4
80528,32,4
77412,33,4
80496,34,4
80472,35,4
80485,36,5
80482,37,5
80490,38,5
80539,39,5
80516,40,5
80536,41,5
80504,42,5
80495,43,5
80469,44,5
80486,45,6
80475,46,6
80491,47,6
80541,48,6
80514,49,6
80533,50,6
80500,51,6
80493,52,6
80473,53,6
80488,54,7
80481,55,7
78219,56,7
80522,57,7
80524,58,7
80503,59,7
80494,60,7
80470,61,7
80484,62,8
80476,63,8
80542,64,8
80512,65,8
80532,66,8
76747,67,8
80499,68,8
80480,69,9
80549,70,9
80521,71,9
80535,72,9
80506,73,9
80497,74,9
77625,75,10
80545,76,10
80513,77,10
80523,78,10
80501,79,10
80498,80,10
80479,81,11
77566,82,11
80515,83,11
80525,84,11
80507,85,11
80492,86,11
80483,87,12
80547,88,12
80511,89,12
80526,90,12
80508,91,12
80478,92,13
80544,93,13
80518,94,13
80529,95,13
80505,96,13
80546,97,14
80517,98,14
80530,99,14
80502,100,14
80540,101,15
80519,102,15
80531,103,15
80510,104,15
80537,105,16
80520,106,16
80534,107,16
80509,108,16
80112,109,17
76233,0,0
76302,0,0
76832,0,0
78045,1,1
76166,2,1
77357,3,1
77074,4,1
77463,5,1
78495,6,1
76376,7,1
76106,8,1
76908,9,1
78081,10,1
76018,11,2
77676,12,2
76661,13,2
78213,14,2
77161,15,2
80586,16,2
76716,17,2
80550,18,2
77576,19,2
77658,20,2
80561,21,3
80570,22,3
80563,23,3
77313,24,3
80617,25,3
78457,26,3
76187,27,3
80553,28,3
76754,29,3
80618,30,3
80557,31,4
80569,32,4
80567,33,4
80597,34,4
80612,35,4
80583,36,4
76397,37,4
76073,38,4
78524,39,4
80625,40,4
80560,41,5
80573,42,5
80565,43,5
80598,44,5
80604,45,5
80607,46,5
80582,47,5
80579,48,5
80589,49,5
80622,50,5
80559,51,6
80571,52,6
80566,53,6
80600,54,6
80611,55,6
80580,56,6
80578,57,6
80552,58,6
80590,59,6
80556,60,7
80490,61,7
80564,62,7
80480,63,7
80610,64,7
80584,65,7
80576,66,7
80554,67,7
80620,68,7
78152,69,8
80572,70,8
80568,71,8
80599,72,8
78499,73,8
80506,74,8
78501,75,8
80551,76,8
80621,77,8
78385,78,9
80594,79,9
80605,80,9
80585,81,9
80575,82,9
80588,83,9
80623,84,9
80562,85,10
80601,86,10
80609,87,10
77380,88,10
80577,89,10
80587,90,10
80624,91,10
80558,92,11
80593,93,11
77543,94,11
80581,95,11
80574,96,11
80619,97,11
76560,98,12
80596,99,12
80614,100,12
80555,101,13
80591,102,13
80608,103,13
80592,104,14
80606,105,14
77406,106,15
80603,107,15
80595,108,16
80602,109,16
80613,110,17
80615,111,18
80616,112,19
78439,1,1
600006,2,1
76965,3,1
76592,4,1
76750,5,1
78372,6,1
77962,7,1
78617,8,1
76502,9,1
77342,10,1
76843,11,1
77921,12,1
77186,13,2
80653,14,2
76134,15,2
80659,16,2
77106,17,2
80735,18,2
78042,19,2
80710,20,3
80650,21,3
80716,22,3
80663,23,3
76883,24,3
78413,25,3
76859,26,3
78385,27,3
80675,28,3
80562,29,3
80747,30,3
77195,31,3
80706,32,4
80649,33,4
76309,34,4
76035,35,4
80639,36,4
80691,37,4
76499,38,4
77385,39,4
80632,40,4
80731,41,4
80728,42,4
80738,43,4
80711,44,5
77406,45,5
80719,46,5
80654,47,5
80635,48,5
80696,49,5
80678,50,5
77427,51,5
80631,52,5
80690,53,5
77410,54,5
80732,55,5
80705,56,6
80651,57,6
80497,58,6
80657,59,6
80633,60,6
80695,61,6
80676,62,6
78084,63,6
80629,64,6
80689,65,6
80726,66,6
80740,67,6
80703,68,7
80652,69,7
80724,70,7
80664,71,7
80640,72,7
80693,73,7
80665,74,7
80641,75,7
80630,76,7
80681,77,7
80741,78,7
80733,79,7
77454,80,8
76357,81,8
80720,82,8
80655,83,8
80637,84,8
80694,85,8
80670,86,8
80645,87,8
80626,88,8
80683,89,8
80730,90,8
80749,91,8
80697,92,9
80718,93,9
80660,94,9
80638,95,9
76163,96,9
80674,97,9
80642,98,9
80627,99,9
76714,100,9
80744,101,9
80727,102,9
80700,103,10
80714,104,10
80658,105,10
80634,106,10
80692,107,10
80668,108,10
80644,109,10
78486,110,10
80685,111,10
80729,112,10
80742,113,10
80707,114,11
80713,115,11
80662,116,11
80636,117,11
80667,118,11
80646,119,11
80628,120,11
80680,121,11
80743,122,11
80736,123,11
80699,124,12
80648,125,12
80723,126,12
80661,127,12
77966,128,12
80669,129,12
80643,130,12
80687,131,12
80734,132,12
80745,133,12
80698,134,13
80647,135,13
80721,136,13
80656,137,13
80672,138,13
80686,139,13
80746,140,13
80725,141,13
80701,142,14
80722,143,14
80673,144,14
80679,145,14
80737,146,14
80748,147,14
80702,148,15
80717,149,15
80666,150,15
80684,151,15
80739,152,15
80712,153,16
80715,154,16
80677,155,16
80682,156,16
80704,157,17
80671,158,17
80688,159,17
80708,160,18
80709,161,19
78499,162,20
76979,1,1
78392,2,1
77227,3,1
76192,4,1
76002,5,1
77636,6,1
77815,7,1
76883,8,1
78567,9,1
77061,10,1
77013,11,1
76379,12,1
76951,13,1
76922,14,1
78367,15,2
76956,16,2
77840,17,2
77892,18,2
80851,19,2
77351,20,2
76485,21,2
80893,22,2
77338,23,3
80882,24,3
80781,25,3
80841,26,3
76759,27,3
76740,28,3
80777,29,3
77489,30,3
77712,31,3
78189,32,3
80843,33,3
80879,34,3
78568,35,3
80895,36,3
76103,37,4
80880,38,4
77427,39,4
80844,40,4
80805,41,4
77716,42,4
80630,43,4
80768,44,4
76163,45,4
77164,46,4
80829,47,4
80871,48,4
77192,49,4
78190,50,4
80865,51,5
76915,52,5
80860,53,5
80835,54,5
80800,55,5
80693,56,5
76628,57,5
80762,58,5
80790,59,5
80752,60,5
80825,61,5
80814,62,5
80888,63,5
80900,64,5
80877,65,6
80878,66,6
80847,67,6
80837,68,6
80801,69,6
76048,70,6
76028,71,6
80763,72,6
80662,73,6
80758,74,6
80828,75,6
78547,76,6
77293,77,6
80894,78,6
76015,79,7
80881,80,7
80668,81,7
80845,82,7
80796,83,7
80783,84,7
80776,85,7
80772,86,7
80787,87,7
80756,88,7
80826,89,7
80812,90,7
80890,91,7
80902,92,7
80876,93,8
80883,94,8
80852,95,8
77768,96,8
80807,97,8
80782,98,8
80775,99,8
80767,100,8
80792,101,8
80753,102,8
80820,103,8
80813,104,8
80896,105,8
80733,106,8
80875,107,9
80885,108,9
80848,109,9
80682,110,9
80799,111,9
80651,112,9
80778,113,9
80761,114,9
80793,115,9
80750,116,9
80821,117,9
80809,118,9
80887,119,9
80901,120,9
80863,121,10
77244,122,10
80861,123,10
80831,124,10
80808,125,10
80780,126,10
80774,127,10
80760,128,10
80784,129,10
80755,130,10
78444,131,10
80810,132,10
80898,133,10
80889,134,10
80867,135,11
77466,136,11
80858,137,11
80836,138,11
80803,139,11
80773,140,11
80771,141,11
80791,142,11
80757,143,11
80830,144,11
80816,145,11
80891,146,11
76204,147,11
80873,148,12
80884,149,12
80855,150,12
80834,151,12
80804,152,12
80779,153,12
80770,154,12
80788,155,12
80754,156,12
80823,157,12
80680,158,12
80892,159,12
80897,160,12
80868,161,13
77747,162,13
76815,163,13
80833,164,13
80806,165,13
80769,166,13
80789,167,13
80759,168,13
80827,169,13
80815,170,13
80899,171,13
80872,172,14
80886,173,14
80850,174,14
80842,175,14
80794,176,14
80766,177,14
80786,178,14
80751,179,14
80824,180,14
80818,181,14
80869,182,15
80857,183,15
80654,184,15
80795,185,15
80764,186,15
76125,187,15
80822,188,15
80686,189,15
80864,190,16
80853,191,16
80832,192,16
80797,193,16
80765,194,16
80785,195,16
80819,196,16
80811,197,16
80874,198,17
80849,199,17
80840,200,17
80798,201,17
78560,202,17
80817,203,17
80870,204,18
80862,205,18
80838,206,18
80622,207,18
80866,208,19
80856,209,19
80839,210,19
80802,211,19
80859,212,20
80846,213,20
80854,214,21
76003,1,1
78432,2,1
76027,3,1
76603,4,1
76339,5,1
78202,6,1
77878,7,1
76815,8,1
78510,9,1
76130,10,1
78461,11,1
77505,12,1
77747,13,1
76531,14,1
77973,15,1
81002,16,2
76865,17,2
81037,18,2
77733,19,2
81008,20,2
78540,21,2
80932,22,2
76125,23,2
81071,24,2
76048,25,2
80911,26,2
76788,27,2
80963,28,2
80993,29,2
81061,30,3
81051,31,3
78592,32,3
600011,33,3
78406,34,3
81011,35,3
80926,36,3
77894,37,3
80753,38,3
81062,39,3
77483,40,3
76872,41,3
80957,42,3
76356,43,3
78253,44,4
76500,45,4
80762,46,4
80937,47,4
81006,48,4
81010,49,4
80928,50,4
80953,51,4
77316,52,4
80972,53,4
80921,54,4
80971,55,4
78088,56,4
80983,57,4
77192,58,5
81042,59,5
81033,60,5
77618,61,5
81000,62,5
81017,63,5
78602,64,5
76735,65,5
78327,66,5
80975,67,5
80915,68,5
77201,69,5
80956,70,5
80987,71,5
81067,72,6
76065,73,6
81034,74,6
80935,75,6
81009,76,6
81025,77,6
80929,78,6
80949,79,6
80908,80,6
80974,81,6
80912,82,6
80941,83,6
80959,84,6
80989,85,6
81069,86,7
81043,87,7
81039,88,7
80936,89,7
81003,90,7
81023,91,7
80925,92,7
80947,93,7
80906,94,7
80966,95,7
80918,96,7
80942,97,7
80958,98,7
80982,99,7
81058,100,8
81049,101,8
81038,102,8
76064,103,8
81005,104,8
81013,105,8
80931,106,8
80946,107,8
80910,108,8
76395,109,8
80913,110,8
80945,111,8
80955,112,8
80996,113,8
81060,114,9
81048,115,9
81031,116,9
77945,117,9
80999,118,9
81012,119,9
80930,120,9
80951,121,9
80909,122,9
80970,123,9
80920,124,9
80944,125,9
80961,126,9
80990,127,9
81054,128,10
81040,129,10
81030,130,10
80934,131,10
81007,132,10
81024,133,10
80924,134,10
80948,135,10
80907,136,10
80978,137,10
80916,138,10
80938,139,10
80960,140,10
80980,141,10
81063,142,11
81047,143,11
81028,144,11
80933,145,11
80997,146,11
78313,147,11
80927,148,11
80954,149,11
80905,150,11
80965,151,11
80914,152,11
80943,153,11
80962,154,11
80992,155,11
81064,156,12
81044,157,12
81036,158,12
81001,159,12
81014,160,12
80923,161,12
80950,162,12
80904,163,12
80973,164,12
80917,165,12
80940,166,12
78302,167,12
80995,168,12
81070,169,13
81045,170,13
81026,171,13
81004,172,13
81019,173,13
80952,174,13
80903,175,13
80964,176,13
80922,177,13
80939,178,13
80994,179,13
81068,180,14
81050,181,14
81027,182,14
80998,183,14
81016,184,14
80969,185,14
80919,186,14
76336,187,14
80988,188,14
81055,189,15
81053,190,15
81035,191,15
81020,192,15
80967,193,15
80986,194,15
81059,195,16
81052,196,16
81029,197,16
81015,198,16
80968,199,16
80985,200,16
81057,201,17
81046,202,17
81032,203,17
81018,204,17
80979,205,17
80984,206,17
81065,207,18
81041,208,18
81021,209,18
80976,210,18
80981,211,18
81056,212,19
81022,213,19
77766,214,19
76984,215,19
81066,216,20
80977,217,20
80991,218,20
600005,1,1
78350,2,1
77459,3,1
76462,4,1
77326,5,1
76055,6,1
77152,7,1
77844,8,1
77147,9,1
77066,10,1
76419,11,1
77000,12,1
77554,13,1
78397,14,1
77080,15,1
76755,16,1
77884,17,1
77669,18,2
76054,19,2
76735,20,2
77641,21,2
81117,22,2
76477,23,2
78460,24,2
76817,25,2
78220,26,2
78298,27,2
78039,28,2
81204,29,2
77257,30,2
81138,31,2
81101,32,2
78648,33,2
81085,34,2
77835,35,3
81087,36,3
81100,37,3
78574,38,3
77091,39,3
76985,40,3
81224,41,3
81239,42,3
80981,43,3
81207,44,3
81162,45,3
76078,46,3
81096,47,3
81211,48,3
81149,49,3
78597,50,3
81084,51,3
81176,52,4
77748,53,4
78269,54,4
81077,55,4
81119,56,4
81160,57,4
81215,58,4
81247,59,4
81230,60,4
81206,61,4
81168,62,4
81129,63,4
77591,64,4
81137,65,4
81150,66,4
81193,67,4
81081,68,4
81177,69,5
76731,70,5
81097,71,5
81072,72,5
81128,73,5
81187,74,5
81227,75,5
77288,76,5
81214,77,5
81201,78,5
77149,79,5
81135,80,5
81105,81,5
77963,82,5
78641,83,5
80957,84,5
81082,85,5
81179,86,6
76118,87,6
81091,88,6
81076,89,6
81116,90,6
81191,91,6
81213,92,6
81243,93,6
76440,94,6
78321,95,6
81165,96,6
81134,97,6
81106,98,6
81141,99,6
81151,100,6
81198,101,6
81083,102,6
77817,103,7
81086,104,7
81094,105,7
78097,106,7
81115,107,7
81189,108,7
81220,109,7
76674,110,7
81216,111,7
81205,112,7
81167,113,7
81132,114,7
81114,115,7
81143,116,7
81154,117,7
81195,118,7
81080,119,7
76012,120,8
81088,121,8
77097,122,8
81073,123,8
81125,124,8
81185,125,8
81219,126,8
81237,127,8
81225,128,8
77812,129,8
81159,130,8
81131,131,8
81107,132,8
78508,133,8
81147,134,8
81196,135,8
76715,136,8
81178,137,9
81089,138,9
81102,139,9
81074,140,9
81124,141,9
81192,142,9
81223,143,9
81242,144,9
81212,145,9
81199,146,9
81164,147,9
81130,148,9
81108,149,9
81139,150,9
81148,151,9
81194,152,9
81078,153,9
81172,154,10
76567,155,10
81092,156,10
81075,157,10
81123,158,10
81186,159,10
81217,160,10
81246,161,10
81222,162,10
81208,163,10
81156,164,10
81133,165,10
81109,166,10
81142,167,10
81144,168,10
81197,169,10
81079,170,10
81169,171,11
81090,172,11
81121,173,11
81190,174,11
81226,175,11
81245,176,11
81218,177,11
81209,178,11
81163,179,11
81136,180,11
81103,181,11
81140,182,11
81145,183,11
81171,184,12
81099,185,12
81127,186,12
81184,187,12
81235,188,12
81228,189,12
81203,190,12
81158,191,12
81112,192,12
81034,193,12
81180,194,13
81095,195,13
81120,196,13
81188,197,13
81233,198,13
81236,199,13
81202,200,13
81157,201,13
81104,202,13
81146,203,13
81181,204,14
78200,205,14
81122,206,14
81183,207,14
81244,208,14
81229,209,14
81200,210,14
81161,211,14
80953,212,14
81155,213,14
81170,214,15
81093,215,15
81126,216,15
81232,217,15
81240,218,15
81210,219,15
81166,220,15
81110,221,15
81153,222,15
81182,223,16
81098,224,16
81118,225,16
81248,226,16
81234,227,16
81113,228,16
81152,229,16
81174,230,17
83629,231,17
81111,232,17
81031,233,17
81173,234,18
81238,235,18
81221,236,18
81175,237,19
81231,238,19
81241,239,19
76348,1,1
78520,2,1
78188,3,1
76622,4,1
78366,5,1
76272,6,1
77570,7,1
77028,8,1
77413,9,1
76825,10,1
78028,11,1
81307,12,1
76402,13,1
78000,14,1
77540,15,1
77578,16,1
81370,17,1
77812,18,2
77029,19,2
81338,20,2
77580,21,2
77510,22,2
77523,23,2
77710,24,2
78631,25,2
81402,26,2
81422,27,2
81255,28,2
78580,29,2
76981,30,2
81086,31,2
77875,32,2
81309,33,2
81264,34,2
81413,35,2
81412,36,3
78245,37,3
81299,38,3
76923,39,3
77917,40,3
77957,41,3
78207,42,3
77965,43,3
77998,44,3
77978,45,3
78606,46,3
76771,47,3
77350,48,3
76807,49,3
77494,50,3
81365,51,3
81410,52,4
81398,53,4
81421,54,4
76367,55,4
81317,56,4
81358,57,4
77786,58,4
81269,59,4
81319,60,4
76558,61,4
81277,62,4
81304,63,4
76286,64,4
81390,65,4
81335,66,4
81263,67,4
81376,68,4
81414,69,5
81397,70,5
81418,71,5
81296,72,5
81297,73,5
81364,74,5
81342,75,5
76029,76,5
81324,77,5
81349,78,5
81288,79,5
81303,80,5
81292,81,5
81383,82,5
81340,83,5
81386,84,5
77699,85,5
81408,86,6
81401,87,6
81420,88,6
77534,89,6
81311,90,6
81362,91,6
81352,92,6
77133,93,6
81328,94,6
81256,95,6
81284,96,6
77185,97,6
81290,98,6
81384,99,6
81333,100,6
81262,101,6
81371,102,6
81407,103,7
78200,104,7
81423,105,7
81298,106,7
81313,107,7
81359,108,7
81344,109,7
81271,110,7
81323,111,7
81257,112,7
81283,113,7
81302,114,7
81293,115,7
81379,116,7
600014,117,7
81258,118,7
81374,119,7
76519,120,8
81395,121,8
81426,122,8
81295,123,8
81316,124,8
77416,125,8
81346,126,8
81270,127,8
81322,128,8
81254,129,8
81282,130,8
78629,131,8
81289,132,8
81382,133,8
81337,134,8
81260,135,8
81377,136,8
81417,137,9
81400,138,9
77243,139,9
81310,140,9
81360,141,9
81347,142,9
81272,143,9
81325,144,9
81253,145,9
81273,146,9
81306,147,9
81291,148,9
81385,149,9
76575,150,9
81265,151,9
81368,152,9
81415,153,10
81403,154,10
81425,155,10
81315,156,10
81361,157,10
81350,158,10
81268,159,10
81327,160,10
81252,161,10
81275,162,10
81301,163,10
81294,164,10
81389,165,10
81341,166,10
81267,167,10
81366,168,10
81159,169,11
81404,170,11
81419,171,11
81318,172,11
81363,173,11
81353,174,11
81329,175,11
81249,176,11
81286,177,11
81308,178,11
81387,179,11
81007,180,11
81259,181,11
81367,182,11
81213,183,12
81405,184,12
81424,185,12
81314,186,12
81356,187,12
81320,188,12
81251,189,12
81279,190,12
81305,191,12
81388,192,12
81336,193,12
81261,194,12
81373,195,12
81411,196,13
81399,197,13
81312,198,13
81348,199,13
81321,200,13
81250,201,13
81285,202,13
81300,203,13
81381,204,13
81334,205,13
81212,206,13
81375,207,13
81409,208,14
81394,209,14
81354,210,14
81330,211,14
81276,212,14
81378,213,14
81332,214,14
81266,215,14
81369,216,14
81406,217,15
81391,218,15
81343,219,15
81326,220,15
81278,221,15
81380,222,15
81339,223,15
81372,224,15
81416,225,16
81392,226,16
81345,227,16
81287,228,16
81331,229,16
81393,230,17
81357,231,17
81281,232,17
81396,233,18
81351,234,18
81274,235,18
81355,236,19
81280,237,19
77475,1,1
77498,2,1
76521,3,1
76330,4,1
76222,5,1
77365,6,1
78239,7,1
77960,8,1
77688,9,1
78500,10,1
78157,11,1
76681,12,1
76853,13,1
76533,14,2
76746,15,2
77883,16,2
76733,17,2
78622,18,2
78144,19,2
76806,20,2
76226,21,2
78267,22,2
78296,23,2
76971,24,2
77813,25,2
78387,26,2
81436,27,2
77915,28,2
78306,29,2
77162,30,2
77696,31,3
81551,32,3
76675,33,3
76317,34,3
78046,35,3
81473,36,3
77567,37,3
77964,38,3
77876,39,3
76468,40,3
81444,41,3
78308,42,3
76374,43,3
81428,44,3
81501,45,3
81525,46,3
81264,47,3
81400,48,4
81542,49,4
81558,50,4
81310,51,4
81475,52,4
78069,53,4
81514,54,4
81477,55,4
81495,56,4
81520,57,4
76162,58,4
81534,59,4
81449,60,4
81433,61,4
81504,62,4
81530,63,4
81567,64,5
81540,65,5
81553,66,5
81454,67,5
81458,68,5
81468,69,5
78150,70,5
81481,71,5
81491,72,5
81519,73,5
81440,74,5
81532,75,5
76607,76,5
81427,77,5
76789,78,5
81526,79,5
81401,80,5
81561,81,6
81545,82,6
81557,83,6
81451,84,6
81469,85,6
81460,86,6
81511,87,6
81482,88,6
81488,89,6
81523,90,6
81437,91,6
81533,92,6
81445,93,6
81429,94,6
81507,95,6
81435,96,6
81455,97,6
81564,98,7
81550,99,7
81554,100,7
81450,101,7
81467,102,7
81472,103,7
81513,104,7
81483,105,7
81487,106,7
81516,107,7
81443,108,7
76761,109,7
81448,110,7
81432,111,7
81505,112,7
76522,113,7
81568,114,8
81546,115,8
81555,116,8
77240,117,8
81470,118,8
81459,119,8
81512,120,8
81479,121,8
81489,122,8
81522,123,8
81438,124,8
81322,125,8
81446,126,8
81431,127,8
81497,128,8
81527,129,8
81565,130,9
81543,131,9
81425,132,9
81453,133,9
81464,134,9
81471,135,9
81484,136,9
81486,137,9
81518,138,9
81442,139,9
81536,140,9
81447,141,9
81500,142,9
81528,143,9
81560,144,10
81556,145,10
81452,146,10
81474,147,10
81461,148,10
81478,149,10
81493,150,10
81521,151,10
81441,152,10
81539,153,10
81430,154,10
81508,155,10
81529,156,10
81569,157,11
81552,158,11
81463,159,11
81476,160,11
81496,161,11
81524,162,11
81439,163,11
81531,164,11
77612,165,11
81510,166,11
81547,167,12
81457,168,12
81480,169,12
81485,170,12
81515,171,12
81537,172,12
81434,173,12
81498,174,12
81566,175,13
81549,176,13
81466,177,13
81492,178,13
81538,179,13
76112,180,13
81563,181,14
81544,182,14
81456,183,14
81494,184,14
81517,185,14
81535,186,14
81506,187,14
81562,188,15
81548,189,15
81462,190,15
81490,191,15
81502,192,15
81559,193,16
81541,194,16
81465,195,16
81499,196,16
81509,197,17
81503,198,18
76421,1,1
76248,2,1
76568,3,1
76873,4,1
78467,5,1
77914,6,1
76140,7,1
76095,8,1
77182,9,1
76276,10,1
81593,11,1
77323,12,1
78475,13,1
76529,14,1
81718,15,1
77689,16,1
76594,17,1
81622,18,1
77701,19,2
76505,20,2
76257,21,2
77532,22,2
81611,23,2
78237,24,2
77561,25,2
81701,26,2
77094,27,2
81587,28,2
76564,29,2
81648,30,2
76392,31,2
77175,32,2
77575,33,2
81610,34,2
76936,35,2
77451,36,3
81707,37,3
76383,38,3
81653,39,3
81698,40,3
81703,41,3
77923,42,3
81678,43,3
77330,44,3
76860,45,3
81597,46,3
81651,47,3
77305,48,3
77535,49,3
77246,50,3
76413,51,3
81573,52,3
81623,53,4
81693,54,4
76076,55,4
81661,56,4
78603,57,4
81654,58,4
81672,59,4
81679,60,4
81599,61,4
81630,62,4
81594,63,4
78145,64,4
81643,65,4
77223,66,4
81671,67,4
81608,68,4
81574,69,4
81626,70,5
81714,71,5
81482,72,5
81662,73,5
76457,74,5
81657,75,5
76351,76,5
81677,77,5
81606,78,5
81633,79,5
81433,80,5
81652,81,5
81644,82,5
76142,83,5
81560,84,5
81669,85,5
81578,86,5
81629,87,6
77428,88,6
81717,89,6
81664,90,6
81697,91,6
81656,92,6
81615,93,6
81675,94,6
81601,95,6
78575,96,6
81595,97,6
77705,98,6
81635,99,6
81586,100,6
81668,101,6
81607,102,6
81572,103,6
81618,104,7
81716,105,7
76120,106,7
81659,107,7
81700,108,7
81655,109,7
81613,110,7
81674,111,7
81604,112,7
81632,113,7
81598,114,7
81647,115,7
81639,116,7
81588,117,7
76978,118,7
81667,119,7
81507,120,7
81621,121,8
81690,122,8
81720,123,8
81663,124,8
81710,125,8
81658,126,8
81616,127,8
77784,128,8
77240,129,8
81631,130,8
81591,131,8
81646,132,8
81640,133,8
81589,134,8
81670,135,8
81609,136,8
81582,137,8
76365,138,9
81713,139,9
81687,140,9
81665,141,9
81712,142,9
81612,143,9
81681,144,9
81602,145,9
81592,146,9
81650,147,9
81637,148,9
81590,149,9
81673,150,9
81581,151,9
81627,152,10
81684,153,10
81721,154,10
81660,155,10
81704,156,10
81614,157,10
81682,158,10
81605,159,10
81596,160,10
81649,161,10
81641,162,10
81585,163,10
81666,164,10
81524,165,10
76756,166,11
81719,167,11
81692,168,11
81702,169,11
81676,170,11
81603,171,11
81634,172,11
81533,173,11
81577,174,11
81628,175,12
81685,176,12
81715,177,12
81705,178,12
81683,179,12
81600,180,12
81636,181,12
81584,182,12
81617,183,13
81696,184,13
81709,185,13
81680,186,13
81638,187,13
81580,188,13
81620,189,14
81688,190,14
81706,191,14
81645,192,14
81583,193,14
81619,194,15
81686,195,15
81711,196,15
81642,197,15
81576,198,15
81625,199,16
81689,200,16
81708,201,16
81571,202,16
81624,203,17
76793,204,17
81699,205,17
81579,206,17
81691,207,18
81575,208,18
81694,209,19
81570,210,19
81695,211,20
78450,1,1
76104,2,1
76305,3,1
78143,4,1
77193,5,1
78482,6,1
76996,7,1
78047,8,1
77553,9,1
78217,10,1
78532,11,1
78600,12,1
600010,13,1
77420,14,1
76634,15,1
77869,16,1
77525,17,1
76263,18,1
78184,19,2
78400,20,2
77290,21,2
77993,22,2
76083,23,2
77302,24,2
76598,25,2
76860,26,2
76146,27,2
77115,28,2
78199,29,2
76623,30,2
78065,31,2
76509,32,2
77627,33,2
77424,34,2
78237,35,2
81825,36,2
77729,37,3
78436,38,3
77944,39,3
76804,40,3
81791,41,3
76365,42,3
76667,43,3
78168,44,3
77078,45,3
81831,46,3
77242,47,3
81749,48,3
78546,49,3
81730,50,3
81743,51,3
78585,52,3
81725,53,3
81801,54,3
81764,55,4
77168,56,4
81818,57,4
81804,58,4
81788,59,4
81755,60,4
81772,61,4
81795,62,4
76957,63,4
81835,64,4
81737,65,4
78470,66,4
81750,67,4
81729,68,4
81745,69,4
81779,70,4
81722,71,4
81796,72,4
81761,73,5
81826,74,5
81821,75,5
81805,76,5
78488,77,5
81757,78,5
81771,79,5
78349,80,5
81811,81,5
78105,82,5
81739,83,5
81753,84,5
81773,85,5
77101,86,5
81747,87,5
81781,88,5
76409,89,5
81800,90,5
81765,91,6
76036,92,6
81823,93,6
81809,94,6
81787,95,6
81758,96,6
81768,97,6
77111,98,6
81814,99,6
81832,100,6
81740,101,6
81609,102,6
81752,103,6
81732,104,6
81748,105,6
81784,106,6
81724,107,6
81803,108,6
81763,109,7
81829,110,7
81822,111,7
81806,112,7
81786,113,7
81756,114,7
77360,115,7
81794,116,7
81812,117,7
81830,118,7
81735,119,7
81754,120,7
81777,121,7
81734,122,7
81744,123,7
81783,124,7
81723,125,7
81799,126,7
81762,127,8
81824,128,8
81819,129,8
81808,130,8
81785,131,8
81759,132,8
81767,133,8
81792,134,8
81815,135,8
81834,136,8
81736,137,8
81775,138,8
81751,139,8
81731,140,8
81746,141,8
81782,142,8
81727,143,8
81802,144,8
78454,145,9
81827,146,9
81817,147,9
81807,148,9
81789,149,9
81591,150,9
81769,151,9
81793,152,9
81813,153,9
76223,154,9
81741,155,9
81776,156,9
81728,157,9
81742,158,9
81778,159,9
78167,160,9
81797,161,9
81766,162,10
81828,163,10
81820,164,10
81810,165,10
81790,166,10
81760,167,10
81770,168,10
76559,169,10
81816,170,10
81833,171,10
81738,172,10
81774,173,10
81733,174,10
77388,175,10
81780,176,10
81726,177,10
81798,178,10
78326,1,1
77586,2,1
78481,3,1
76011,4,1
76539,5,1
77043,6,1
77235,7,1
76252,8,1
78138,9,1
77997,10,1
77582,11,1
77759,12,1
76165,13,1
76290,14,1
77331,15,1
78215,16,1
76213,17,1
76887,18,1
78577,19,2
78549,20,2
78103,21,2
77492,22,2
76753,23,2
76364,24,2
76895,25,2
76303,26,2
81861,27,2
78025,28,2
81901,29,2
76878,30,2
76940,31,2
77341,32,2
81941,33,2
76728,34,2
77668,35,2
81923,36,2
76910,37,3
77528,38,3
81875,39,3
81853,40,3
81877,41,3
81947,42,3
81915,43,3
81864,44,3
81936,45,3
81845,46,3
78513,47,3
77314,48,3
81872,49,3
76802,50,3
76975,51,3
81929,52,3
76040,53,3
76739,54,3
81951,55,4
77325,56,4
78361,57,4
81782,58,4
81878,59,4
81914,60,4
77017,61,4
76707,62,4
81848,63,4
76917,64,4
81904,65,4
81912,66,4
81870,67,4
81896,68,4
81857,69,4
81930,70,4
81893,71,4
81840,72,4
81952,73,5
81867,74,5
77042,75,5
77788,76,5
81881,77,5
81946,78,5
81938,79,5
81849,80,5
81862,81,5
81940,82,5
81906,83,5
81908,84,5
81873,85,5
81897,86,5
81854,87,5
81928,88,5
81837,89,5
81892,90,5
81954,91,6
76734,92,6
81886,93,6
81922,94,6
81874,95,6
81918,96,6
81948,97,6
81863,98,6
78456,99,6
81850,100,6
81903,101,6
81913,102,6
81869,103,6
81894,104,6
81856,105,6
81932,106,6
81889,107,6
81838,108,6
81953,109,7
81868,110,7
81883,111,7
81924,112,7
76727,113,7
81943,114,7
81920,115,7
81939,116,7
81843,117,7
81865,118,7
81900,119,7
81911,120,7
81871,121,7
81895,122,7
81851,123,7
81931,124,7
81836,125,7
81891,126,7
81950,127,8
81866,128,8
81882,129,8
81926,130,8
81876,131,8
81917,132,8
81945,133,8
81844,134,8
81860,135,8
77504,136,8
81902,137,8
81910,138,8
76211,139,8
81898,140,8
81855,141,8
81933,142,8
81890,143,8
81841,144,8
81955,145,9
81885,146,9
81921,147,9
81879,148,9
81942,149,9
81916,150,9
78322,151,9
81937,152,9
81847,153,9
81905,154,9
81909,155,9
81899,156,9
81858,157,9
81934,158,9
81842,159,9
81887,160,9
81949,161,10
81884,162,10
81925,163,10
81880,164,10
81919,165,10
81944,166,10
81935,167,10
81846,168,10
81859,169,10
81907,170,10
81852,171,10
81927,172,10
81888,173,10
81839,174,10
77419,1,1
77490,2,1
78468,3,1
76590,4,1
78442,5,1
76504,6,1
76296,7,1
305,8,1
77024,9,1
77364,10,1
78531,11,1
76767,12,1
77324,13,1
78623,14,1
78541,15,1
76437,16,1
77800,17,1
78208,18,2
76739,19,2
77189,20,2
78294,21,2
76526,22,2
76673,23,2
77396,24,2
78133,25,2
76587,26,2
77017,27,2
76352,28,2
77141,29,2
76722,30,2
77788,31,2
77067,32,2
76699,33,2
78008,34,2
82019,35,3
81985,36,3
76941,37,3
78111,38,3
82069,39,3
78449,40,3
81966,41,3
82071,42,3
76005,43,3
82023,44,3
78305,45,3
82001,46,3
81998,47,3
82049,48,3
82010,49,3
82056,50,3
81958,51,3
78243,52,4
76099,53,4
81995,54,4
81984,55,4
82064,56,4
81963,57,4
82074,58,4
82036,59,4
76259,60,4
82024,61,4
82046,62,4
82032,63,4
81876,64,4
82011,65,4
82058,66,4
81959,67,4
81975,68,4
82021,69,5
76534,70,5
81992,71,5
81979,72,5
82067,73,5
76889,74,5
82037,75,5
81968,76,5
82038,77,5
82026,78,5
82047,79,5
82028,80,5
81996,81,5
82007,82,5
82012,83,5
77348,84,5
81960,85,5
81971,86,5
82018,87,6
82005,88,6
77504,89,6
81978,90,6
81970,91,6
82040,92,6
81964,93,6
82075,94,6
81989,95,6
82027,96,6
82042,97,6
82033,98,6
76616,99,6
82052,100,6
82013,101,6
82057,102,6
76416,103,6
81974,104,6
82017,105,7
82003,106,7
81994,107,7
81983,108,7
82063,109,7
81962,110,7
78433,111,7
82034,112,7
81987,113,7
82022,114,7
82048,115,7
82030,116,7
78441,117,7
82050,118,7
82014,119,7
82055,120,7
76604,121,7
81973,122,7
82059,123,8
82006,124,8
81991,125,8
81980,126,8
82065,127,8
82070,128,8
82041,129,8
81965,130,8
81986,131,8
82025,132,8
82043,133,8
76109,134,8
81997,135,8
82051,136,8
82015,137,8
82062,138,8
81956,139,8
81972,140,8
82020,141,9
82004,142,9
81993,143,9
81982,144,9
82068,145,9
82039,146,9
81969,147,9
82073,148,9
81988,149,9
82044,150,9
82029,151,9
82000,152,9
82053,153,9
82008,154,9
82061,155,9
81957,156,9
81976,157,9
82016,158,10
82002,159,10
81990,160,10
81981,161,10
82066,162,10
81967,163,10
82072,164,10
82035,165,10
82045,166,10
82031,167,10
81999,168,10
82054,169,10
82009,170,10
82060,171,10
81961,172,10
81977,173,10
76154,1,1
76170,2,1
77160,3,1
76091,4,1
1453,5,1
76350,6,1
77264,7,1
78149,8,1
77328,9,1
78571,10,1
76899,11,1
77487,12,1
76059,13,1
78014,14,1
76516,15,1
76874,16,1
76664,17,1
76465,18,1
77344,19,1
77653,20,1
77975,21,1
77721,22,1
76822,23,2
77156,24,2
78471,25,2
76830,26,2
82151,27,2
76041,28,2
76229,29,2
78135,30,2
77782,31,2
77289,32,2
77205,33,2
77621,34,2
77334,35,2
77873,36,2
78537,37,2
82087,38,2
78441,39,2
77936,40,2
76618,41,2
76656,42,2
82107,43,2
77044,44,2
82102,45,3
229,46,3
82152,47,3
78205,48,3
77144,49,3
82174,50,3
82136,51,3
76966,52,3
77320,53,3
82083,54,3
82162,55,3
82076,56,3
82117,57,3
82044,58,3
82128,59,3
77926,60,3
82119,61,3
76198,62,3
82166,63,3
82104,64,3
78204,65,3
76242,66,3
82140,67,4
82159,68,4
76279,69,4
82110,70,4
76888,71,4
76221,72,4
82137,73,4
82143,74,4
82103,75,4
76980,76,4
82163,77,4
82077,78,4
82123,79,4
82094,80,4
82129,81,4
82090,82,4
82118,83,4
82141,84,4
82170,85,4
82108,86,4
82089,87,4
77983,88,4
82139,89,5
82155,90,5
81998,91,5
82112,92,5
82154,93,5
82173,94,5
82135,95,5
82145,96,5
82099,97,5
82085,98,5
82165,99,5
82080,100,5
82122,101,5
82093,102,5
78161,103,5
76678,104,5
82061,105,5
82142,106,5
82171,107,5
82109,108,5
82131,109,5
82097,110,5
76481,111,6
82157,112,6
82149,113,6
82111,114,6
77547,115,6
82172,116,6
78080,117,6
82146,118,6
82100,119,6
82082,120,6
82160,121,6
82081,122,6
82121,123,6
82096,124,6
82126,125,6
82088,126,6
82120,127,6
82167,128,6
82106,129,6
82134,130,6
82098,131,6
82138,132,7
82156,133,7
82148,134,7
82113,135,7
78095,136,7
82175,137,7
82147,138,7
82101,139,7
82086,140,7
82164,141,7
82079,142,7
82125,143,7
82095,144,7
82130,145,7
82091,146,7
82115,147,7
82169,148,7
82105,149,7
82132,150,7
76941,151,7
76604,152,8
82158,153,8
82150,154,8
82114,155,8
82153,156,8
82176,157,8
82144,158,8
82084,159,8
82161,160,8
82078,161,8
82124,162,8
82092,163,8
82127,164,8
77465,165,8
82116,166,8
82168,167,8
77760,168,8
82133,169,8
81927,170,8
78331,1,1
76736,2,1
77984,3,1
77952,4,1
78139,5,1
1449,6,1
76249,7,1
78548,8,1
78310,9,1
77356,10,1
76948,11,1
77148,12,1
76225,13,1
77848,14,1
77615,15,1
76819,16,1
82249,17,1
76453,18,1
76321,19,1
78057,20,1
76686,21,1
78365,22,1
78390,23,2
77010,24,2
78583,25,2
76361,26,2
77897,27,2
82267,28,2
1381,29,2
77215,30,2
82235,31,2
78036,32,2
76523,33,2
76300,34,2
76879,35,2
76385,36,2
82232,37,2
82204,38,2
82271,39,2
76441,40,2
78516,41,2
82273,42,2
76913,43,2
77136,44,2
82261,45,3
76447,46,3
76121,47,3
82289,48,3
76436,49,3
82182,50,3
82285,51,3
82212,52,3
82234,53,3
82220,54,3
77092,55,3
82197,56,3
82295,57,3
82226,58,3
76483,59,3
76444,60,3
82270,61,3
76124,62,3
77308,63,3
76993,64,3
82284,65,3
82302,66,3
77989,67,4
82283,68,4
82269,69,4
76474,70,4
82255,71,4
82181,72,4
82286,73,4
82308,74,4
82307,75,4
82287,76,4
82195,77,4
82298,78,4
82186,79,4
77069,80,4
76212,81,4
82206,82,4
82272,83,4
77209,84,4
77603,85,4
82240,86,4
78425,87,4
82280,88,4
82262,89,5
82290,90,5
82266,91,5
82257,92,5
82208,93,5
82183,94,5
82199,95,5
78545,96,5
82233,97,5
82223,98,5
82296,99,5
82187,100,5
78587,101,5
82230,102,5
82275,103,5
78307,104,5
76604,105,5
82247,106,5
78431,107,5
82244,108,5
82214,109,5
77135,110,5
82258,111,6
82288,112,6
82265,113,6
82210,114,6
82254,115,6
82184,116,6
82202,117,6
76589,118,6
82238,119,6
82219,120,6
82191,121,6
82193,122,6
82294,123,6
82079,124,6
82225,125,6
82207,126,6
82250,127,6
82282,128,6
82242,129,6
82216,130,6
82303,131,6
82260,132,7
77858,133,7
82268,134,7
82256,135,7
82211,136,7
82178,137,7
82200,138,7
82309,139,7
82237,140,7
82218,141,7
82192,142,7
82299,143,7
82188,144,7
82231,145,7
76041,146,7
82205,147,7
82248,148,7
77450,149,7
82243,150,7
82217,151,7
82304,152,7
82259,153,8
82292,154,8
82209,155,8
82179,156,8
76685,157,8
77258,158,8
76463,159,8
82222,160,8
82297,161,8
82189,162,8
82198,163,8
82277,164,8
82229,165,8
82253,166,8
82279,167,8
82245,168,8
82213,169,8
82305,170,8
82263,171,9
82291,172,9
82177,173,9
82203,174,9
82310,175,9
82236,176,9
82224,177,9
82185,178,9
82194,179,9
82293,180,9
82227,181,9
82276,182,9
82251,183,9
82281,184,9
82246,185,9
82301,186,9
82264,187,10
82180,188,10
82201,189,10
78563,190,10
82239,191,10
82221,192,10
82196,193,10
82300,194,10
82190,195,10
82274,196,10
82228,197,10
82252,198,10
82278,199,10
82241,200,10
82215,201,10
82306,202,10
77142,1,1
76881,2,1
76362,3,1
77239,4,1
77626,5,1
76085,6,1
77167,7,1
77691,8,1
76553,9,1
76928,10,1
77986,11,1
77819,12,1
76231,13,1
77040,14,1
77071,15,1
78222,16,1
77158,17,1
77273,18,1
77827,19,1
82449,20,1
78570,21,1
77438,22,1
82446,23,2
77022,24,2
77432,25,2
76725,26,2
76360,27,2
82333,28,2
77882,29,2
76781,30,2
77184,31,2
78643,32,2
82374,33,2
82321,34,2
82357,35,2
77950,36,2
78356,37,2
82364,38,2
82342,39,2
82440,40,2
82345,41,2
77623,42,2
77633,43,2
82366,44,2
77306,45,3
82371,46,3
76786,47,3
76608,48,3
77056,49,3
77087,50,3
82401,51,3
82412,52,3
77312,53,3
77159,54,3
82425,55,3
81859,56,3
82359,57,3
940,58,3
82404,59,3
82341,60,3
82316,61,3
76475,62,3
77732,63,3
82421,64,3
100263,65,3
82367,66,3
76544,67,4
82315,68,4
82416,69,4
82437,70,4
82323,71,4
82378,72,4
76583,73,4
82397,74,4
82332,75,4
82406,76,4
82427,77,4
82442,78,4
82344,79,4
82407,80,4
82343,81,4
78146,82,4
77718,83,4
82384,84,4
77520,85,4
82419,86,4
82410,87,4
82372,88,4
82451,89,5
82311,90,5
82435,91,5
82340,92,5
82382,93,5
82322,94,5
82398,95,5
82329,96,5
82418,97,5
77937,98,5
82430,99,5
82445,100,5
82361,101,5
82393,102,5
82354,103,5
77353,104,5
82350,105,5
82388,106,5
76631,107,5
82365,108,5
82447,109,6
82314,110,6
82336,111,6
82433,112,6
82319,113,6
82379,114,6
82299,115,6
82414,116,6
82395,117,6
82330,118,6
82424,119,6
82439,120,6
82363,121,6
82389,122,6
82352,123,6
82405,124,6
82386,125,6
82347,126,6
82423,127,6
82369,128,6
82452,129,7
82313,130,7
82436,131,7
82337,132,7
82376,133,7
82320,134,7
82403,135,7
82394,136,7
82334,137,7
82415,138,7
82428,139,7
82444,140,7
82362,141,7
82356,142,7
82408,143,7
82390,144,7
82346,145,7
82383,146,7
82256,147,7
82450,148,8
82318,149,8
82338,150,8
82214,151,8
82325,152,8
82381,153,8
82402,154,8
82327,155,8
82417,156,8
82396,157,8
82431,158,8
82441,159,8
82358,160,8
82409,161,8
82392,162,8
82355,163,8
82349,164,8
279,165,8
82373,166,8
82448,167,9
82317,168,9
82432,169,9
82335,170,9
82377,171,9
82326,172,9
82400,173,9
82413,174,9
82331,175,9
82426,176,9
82438,177,9
82360,178,9
82391,179,9
82353,180,9
82351,181,9
82387,182,9
82420,183,9
82368,184,9
76541,185,10
82312,186,10
82339,187,10
82434,188,10
82324,189,10
82380,190,10
82399,191,10
82328,192,10
82411,193,10
82429,194,10
82443,195,10
82310,196,10
82375,197,10
77515,198,10
82385,199,10
82348,200,10
82422,201,10
82370,202,10
76353,1,1
76890,2,1
1450,3,1
77911,4,1
77920,5,1
77754,6,1
76826,7,1
78351,8,1
76266,9,1
77373,10,1
78404,11,1
78614,12,1
76283,13,1
77484,14,1
77163,15,1
78519,16,1
76599,17,1
76418,18,1
76619,19,1
76944,20,1
76520,21,1
77262,22,1
77715,23,1
78195,24,2
78041,25,2
78618,26,2
78274,27,2
78132,28,2
77770,29,2
77692,30,2
77996,31,2
82587,32,2
82584,33,2
82597,34,2
328,35,2
78068,36,2
76355,37,2
82546,38,2
78527,39,2
77602,40,2
77757,41,2
82561,42,2
82547,43,2
82488,44,2
76239,45,2
82454,46,2
77719,47,3
82526,48,3
82474,49,3
78533,50,3
78396,51,3
77635,52,3
82578,53,3
79733,54,3
82573,55,3
76954,56,3
76261,57,3
77905,58,3
82562,59,3
82518,60,3
78632,61,3
82487,62,3
82553,63,3
82477,64,3
82568,65,3
76084,66,3
82491,67,3
82579,68,3
82459,69,3
76435,70,4
82473,71,4
82595,72,4
82523,73,4
82511,74,4
600009,75,4
82571,76,4
82575,77,4
82531,78,4
82585,79,4
82600,80,4
82506,81,4
82463,82,4
82519,83,4
82542,84,4
82489,85,4
82559,86,4
77100,87,4
82566,88,4
82550,89,4
82494,90,4
82480,91,4
82455,92,4
76765,93,5
82596,94,5
82470,95,5
82510,96,5
82527,97,5
82537,98,5
77910,99,5
82532,100,5
82581,101,5
82582,102,5
76030,103,5
82462,104,5
82504,105,5
82544,106,5
82517,107,5
82483,108,5
82556,109,5
82498,110,5
82567,111,5
82551,112,5
82497,113,5
82355,114,5
82457,115,5
82479,116,6
82469,117,6
82593,118,6
82525,119,6
82514,120,6
82538,121,6
82572,122,6
82580,123,6
82534,124,6
82588,125,6
82599,126,6
82502,127,6
82464,128,6
82520,129,6
82543,130,6
82485,131,6
82555,132,6
82501,133,6
82353,134,6
82403,135,6
82490,136,6
82481,137,6
82453,138,6
82478,139,7
82592,140,7
78015,141,7
82509,142,7
82529,143,7
82417,144,7
82570,145,7
82533,146,7
82574,147,7
82589,148,7
82598,149,7
82467,150,7
82503,151,7
82545,152,7
82522,153,7
82486,154,7
82558,155,7
82499,156,7
82569,157,7
82549,158,7
82496,159,7
82456,160,7
82476,161,8
82472,162,8
82590,163,8
82513,164,8
82539,165,8
82577,166,8
82536,167,8
78271,168,8
77229,169,8
82505,170,8
82466,171,8
82516,172,8
82541,173,8
82557,174,8
82564,175,8
82548,176,8
82495,177,8
82482,178,8
82461,179,8
82475,180,9
82594,181,9
77937,182,9
82515,183,9
82524,184,9
82540,185,9
82535,186,9
82576,187,9
82583,188,9
82602,189,9
82468,190,9
82507,191,9
82521,192,9
82484,193,9
82560,194,9
82500,195,9
82565,196,9
82418,197,9
82492,198,9
82458,199,9
82471,200,10
82591,201,10
82528,202,10
82512,203,10
82530,204,10
82586,205,10
82601,206,10
82508,207,10
82465,208,10
82388,209,10
82554,210,10
82563,211,10
82552,212,10
82493,213,10
82460,214,10
76016,1,1
78318,2,1
433,3,1
78610,4,1
78423,5,1
78615,6,1
77134,7,1
1472,8,1
76176,9,1
77263,10,1
77146,11,1
78369,12,1
7,13,1
1006,14,1
77332,15,1
78395,16,1
77401,17,1
78348,18,1
77530,19,1
77685,20,1
175,21,1
76641,22,1
76230,23,1
78418,24,2
77110,25,2
82749,26,2
78609,27,2
76093,28,2
698,29,2
77904,30,2
76017,31,2
82678,32,2
78569,33,2
76868,34,2
76518,35,2
76189,36,2
82697,37,2
82658,38,2
82636,39,2
82612,40,2
76884,41,2
82638,42,2
78378,43,2
77389,44,2
82711,45,2
82654,46,2
82764,47,3
82668,48,3
76307,49,3
82748,50,3
82635,51,3
77435,52,3
77896,53,3
78191,54,3
76569,55,3
82623,56,3
783,57,3
82642,58,3
82738,59,3
82699,60,3
76901,61,3
82723,62,3
82615,63,3
82680,64,3
82634,65,3
76625,66,3
82721,67,3
82652,68,3
82604,69,3
82766,70,4
82631,71,4
78136,72,4
82758,73,4
82740,74,4
82659,75,4
77395,76,4
82736,77,4
76556,78,4
82667,79,4
82619,80,4
78233,81,4
82643,82,4
82694,83,4
82674,84,4
78414,85,4
76228,86,4
82682,87,4
77541,88,4
82629,89,4
82715,90,4
82610,91,4
82657,92,4
82761,93,5
82628,94,5
76443,95,5
82741,96,5
82753,97,5
82661,98,5
82713,99,5
82732,100,5
82691,101,5
77527,102,5
78605,103,5
82645,104,5
82710,105,5
82700,106,5
82745,107,5
82677,108,5
82618,109,5
82686,110,5
82641,111,5
82725,112,5
82722,113,5
82649,114,5
82603,115,5
82759,116,6
82627,117,6
82702,118,6
82757,119,6
82744,120,6
82665,121,6
82712,122,6
82735,123,6
82692,124,6
82672,125,6
82625,126,6
82708,127,6
82647,128,6
82695,129,6
76304,130,6
82746,131,6
82611,132,6
82687,133,6
82639,134,6
82724,135,6
82718,136,6
82609,137,6
82655,138,6
82762,139,7
82632,140,7
82703,141,7
82743,142,7
82756,143,7
82664,144,7
82714,145,7
82733,146,7
82689,147,7
82621,148,7
82670,149,7
78504,150,7
82709,151,7
82698,152,7
82751,153,7
82679,154,7
82613,155,7
82685,156,7
82637,157,7
82729,158,7
82719,159,7
82650,160,7
82608,161,7
82765,162,8
82633,163,8
82705,164,8
76368,165,8
82739,166,8
82662,167,8
82731,168,8
82690,169,8
82669,170,8
82624,171,8
82707,172,8
82646,173,8
82696,174,8
82676,175,8
82750,176,8
82616,177,8
82681,178,8
82640,179,8
82727,180,8
82716,181,8
82607,182,8
82651,183,8
82763,184,9
82626,185,9
82706,186,9
82742,187,9
82755,188,9
82663,189,9
82734,190,9
82688,191,9
82622,192,9
82666,193,9
82644,194,9
82701,195,9
82752,196,9
82675,197,9
82614,198,9
82684,199,9
82726,200,9
82720,201,9
82656,202,9
82606,203,9
82760,204,10
82630,205,10
82704,206,10
82754,207,10
82737,208,10
82660,209,10
82730,210,10
78030,211,10
82671,212,10
82620,213,10
82648,214,10
82693,215,10
82673,216,10
82747,217,10
82617,218,10
82683,219,10
82728,220,10
82717,221,10
82605,222,10
82653,223,10
1460,1,1
187,2,1
1122,3,1
76785,4,1
78,5,1
78375,6,1
76497,7,1
77236,8,1
77377,9,1
76638,10,1
77376,11,1
76082,12,1
76726,13,1
76431,14,1
78314,15,1
78304,16,1
78250,17,1
894,18,1
78565,19,1
77879,20,1
77854,21,1
77558,22,1
78343,23,1
77994,24,2
78462,25,2
82836,26,2
122,27,2
77442,28,2
76968,29,2
76291,30,2
77019,31,2
76045,32,2
78364,33,2
78303,34,2
78183,35,2
76043,36,2
77731,37,2
78062,38,2
82889,39,2
77640,40,2
76037,41,2
78299,42,2
78172,43,2
76810,44,2
78087,45,2
82770,46,2
78581,47,3
77034,48,3
82919,49,3
78325,50,3
77171,51,3
82775,52,3
82831,53,3
77203,54,3
76632,55,3
77300,56,3
82782,57,3
82826,58,3
82863,59,3
76670,60,3
77864,61,3
82848,62,3
77707,63,3
82843,64,3
76885,65,3
82907,66,3
82798,67,3
82815,68,3
77654,69,3
82899,70,4
82893,71,4
76631,72,4
82926,73,4
78059,74,4
82774,75,4
76021,76,4
82857,77,4
78048,78,4
82911,79,4
82866,80,4
82825,81,4
76268,82,4
82786,83,4
82854,84,4
82871,85,4
78512,86,4
82840,87,4
82877,88,4
82881,89,4
82799,90,4
82808,91,4
82772,92,4
82904,93,5
82892,94,5
82918,95,5
82920,96,5
82806,97,5
82776,98,5
82837,99,5
82856,100,5
82791,101,5
82818,102,5
82910,103,5
82823,104,5
82865,105,5
82783,106,5
82873,107,5
82890,108,5
82850,109,5
82844,110,5
82876,111,5
82822,112,5
82800,113,5
82812,114,5
82767,115,5
82902,116,6
82895,117,6
82917,118,6
82925,119,6
82807,120,6
82777,121,6
82835,122,6
82855,123,6
82792,124,6
82905,125,6
82817,126,6
82830,127,6
82864,128,6
82787,129,6
82886,130,6
82849,131,6
82874,132,6
82842,133,6
82878,134,6
82882,135,6
82801,136,6
82809,137,6
78093,138,6
82901,139,7
77077,140,7
82916,141,7
82922,142,7
82805,143,7
82780,144,7
82838,145,7
82858,146,7
82793,147,7
82821,148,7
82908,149,7
82824,150,7
82862,151,7
82788,152,7
82847,153,7
82872,154,7
82891,155,7
82845,156,7
82879,157,7
82880,158,7
82802,159,7
82811,160,7
82768,161,7
82900,162,8
82897,163,8
82913,164,8
82924,165,8
77697,166,8
82781,167,8
82833,168,8
82859,169,8
82794,170,8
82909,171,8
82820,172,8
82827,173,8
82867,174,8
82784,175,8
82870,176,8
82887,177,8
82853,178,8
82839,179,8
82875,180,8
82884,181,8
82796,182,8
82814,183,8
82771,184,8
82898,185,9
82894,186,9
82914,187,9
82923,188,9
82804,189,9
82779,190,9
82834,191,9
82860,192,9
82795,193,9
82816,194,9
82906,195,9
82829,196,9
82868,197,9
82785,198,9
82888,199,9
82852,200,9
82841,201,9
82885,202,9
82797,203,9
82813,204,9
82769,205,9
82903,206,10
82896,207,10
82915,208,10
82921,209,10
82803,210,10
82778,211,10
82832,212,10
82861,213,10
82790,214,10
82912,215,10
82819,216,10
82828,217,10
82869,218,10
82789,219,10
82851,220,10
78538,221,10
82846,222,10
82883,223,10
82810,224,10
82773,225,10
78055,1,1
78257,2,1
1622,3,1
2,4,1
76876,5,1
76478,6,1
1847,7,1
156,8,1
107,9,1
117,10,1
157,11,1
78437,12,1
941,13,1
17,14,1
76358,15,1
78279,16,1
77916,17,1
76247,18,1
77820,19,1
77030,20,1
1123,21,1
1456,22,1
78523,23,1
76847,24,1
77415,25,2
76425,26,2
76791,27,2
76742,28,2
77588,29,2
770,30,2
470,31,2
82982,32,2
77609,33,2
78550,34,2
77399,35,2
77518,36,2
83008,37,2
77560,38,2
78430,39,2
78320,40,2
83047,41,2
83042,42,2
77456,43,2
83024,44,2
83060,45,2
78556,46,2
82969,47,2
378,48,3
83013,49,3
78332,50,3
83059,51,3
82930,52,3
77047,53,3
76942,54,3
82952,55,3
83065,56,3
76543,57,3
77861,58,3
77318,59,3
82960,60,3
83005,61,3
77863,62,3
83034,63,3
82971,64,3
83043,65,3
83068,66,3
83070,67,3
82934,68,3
82957,69,3
82973,70,3
83029,71,4
83012,72,4
83071,73,4
82974,74,4
76469,75,4
83082,76,4
78311,77,4
82947,78,4
83092,79,4
82985,80,4
82979,81,4
2891,82,4
83004,83,4
82963,84,4
83076,85,4
83035,86,4
83021,87,4
83048,88,4
83056,89,4
78484,90,4
76398,91,4
82955,92,4
82972,93,4
83027,94,5
83018,95,5
83072,96,5
76195,97,5
82990,98,5
82944,99,5
83083,100,5
76074,101,5
77333,102,5
82984,103,5
82978,104,5
82938,105,5
82959,106,5
83002,107,5
83079,108,5
83039,109,5
83023,110,5
83049,111,5
83000,112,5
83055,113,5
82932,114,5
82954,115,5
82970,116,5
83032,117,6
83016,118,6
83073,119,6
83050,120,6
82995,121,6
83084,122,6
82943,123,6
82950,124,6
83089,125,6
82983,126,6
82975,127,6
82940,128,6
83003,129,6
82965,130,6
83080,131,6
83040,132,6
83026,133,6
83045,134,6
83052,135,6
82999,136,6
82927,137,6
82958,138,6
9,139,6
83031,140,7
83011,141,7
83067,142,7
83061,143,7
82993,144,7
82945,145,7
83085,146,7
82948,147,7
83094,148,7
82989,149,7
82977,150,7
82935,151,7
78281,152,7
83007,153,7
83078,154,7
83036,155,7
83019,156,7
83044,157,7
83001,158,7
83053,159,7
82928,160,7
82956,161,7
82967,162,7
83028,163,8
83014,164,8
83074,165,8
83062,166,8
82991,167,8
83086,168,8
82942,169,8
82953,170,8
83093,171,8
82987,172,8
82981,173,8
82937,174,8
83009,175,8
82964,176,8
83081,177,8
83037,178,8
83022,179,8
83041,180,8
83057,181,8
82996,182,8
82929,183,8
82966,184,8
83030,185,9
83015,186,9
83066,187,9
83063,188,9
82994,189,9
82941,190,9
83088,191,9
82949,192,9
83090,193,9
82986,194,9
82980,195,9
82936,196,9
82962,197,9
83010,198,9
83077,199,9
83038,200,9
83020,201,9
83051,202,9
82997,203,9
83054,204,9
82933,205,9
82968,206,9
83017,207,10
83069,208,10
83064,209,10
82992,210,10
83087,211,10
82946,212,10
82951,213,10
83091,214,10
82988,215,10
82976,216,10
82939,217,10
83006,218,10
82961,219,10
83075,220,10
83033,221,10
83025,222,10
83046,223,10
83058,224,10
82998,225,10
82931,226,10
165,1,1
76217,2,1
893,3,1
64,4,1
787,5,1
78386,6,1
926,7,1
76834,8,1
901,9,1
78611,10,1
788,11,1
77516,12,1
77081,13,1
262,14,1
78241,15,1
304,16,1
78381,17,1
313,18,1
78323,19,1
76338,20,1
76713,21,1
78116,22,1
77183,23,1
78634,24,1
76621,25,2
83247,26,2
76046,27,2
76177,28,2
76861,29,2
76316,30,2
77670,31,2
83123,32,2
306,33,2
83154,34,2
78578,35,2
77178,36,2
76412,37,2
78164,38,2
78633,39,2
83261,40,2
78174,41,2
78515,42,2
83171,43,2
83160,44,2
77865,45,2
760,46,2
83102,47,2
83137,48,3
83163,49,3
77524,50,3
77839,51,3
83211,52,3
83161,53,3
83130,54,3
83112,55,3
83129,56,3
76167,57,3
83152,58,3
83225,59,3
83239,60,3
76476,61,3
77870,62,3
83195,63,3
83103,64,3
83249,65,3
83121,66,3
83212,67,3
76855,68,3
83128,69,3
76342,70,3
77107,71,4
83166,72,4
83234,73,4
83200,74,4
83229,75,4
76844,76,4
83164,77,4
83173,78,4
83184,79,4
77001,80,4
83145,81,4
83219,82,4
83206,83,4
83258,84,4
83190,85,4
78029,86,4
738,87,4
83243,88,4
83120,89,4
77191,90,4
83142,91,4
83127,92,4
83098,93,4
83188,94,5
83169,95,5
83237,96,5
83201,97,5
83227,98,5
83157,99,5
83175,100,5
83108,101,5
83132,102,5
83180,103,5
83149,104,5
83222,105,5
83208,106,5
83264,107,5
83254,108,5
83191,109,5
83114,110,5
83250,111,5
83116,112,5
83213,113,5
83141,114,5
83124,115,5
83099,116,5
83189,117,6
83170,118,6
83236,119,6
78162,120,6
83230,121,6
83153,122,6
83113,123,6
83172,124,6
83181,125,6
83136,126,6
83150,127,6
83226,128,6
83209,129,6
83257,130,6
83196,131,6
83255,132,6
78534,133,6
83244,134,6
83115,135,6
83216,136,6
83144,137,6
83126,138,6
83095,139,6
76637,140,7
83165,141,7
83238,142,7
83199,143,7
83228,144,7
83156,145,7
83174,146,7
83111,147,7
83133,148,7
83183,149,7
83148,150,7
83221,151,7
83205,152,7
83263,153,7
83253,154,7
83193,155,7
76094,156,7
83242,157,7
83117,158,7
83218,159,7
83139,160,7
83125,161,7
83101,162,7
83187,163,8
83162,164,8
83235,165,8
83203,166,8
83231,167,8
83159,168,8
83110,169,8
83178,170,8
83185,171,8
83134,172,8
83147,173,8
83223,174,8
83207,175,8
83260,176,8
83197,177,8
83251,178,8
83106,179,8
83248,180,8
83119,181,8
83215,182,8
83140,183,8
83097,184,8
77469,185,9
83168,186,9
83240,187,9
83198,188,9
83233,189,9
83155,190,9
83177,191,9
83107,192,9
83135,193,9
83182,194,9
83146,195,9
83220,196,9
83210,197,9
83262,198,9
83256,199,9
83194,200,9
83105,201,9
83245,202,9
83122,203,9
83214,204,9
83143,205,9
83096,206,9
83186,207,10
83167,208,10
83241,209,10
83202,210,10
83232,211,10
83158,212,10
83109,213,10
83176,214,10
83179,215,10
83131,216,10
83151,217,10
83224,218,10
83204,219,10
83259,220,10
83192,221,10
83252,222,10
83104,223,10
83246,224,10
83118,225,10
83217,226,10
83138,227,10
83100,228,10
121,1,1
47,2,1
104,3,1
1365,4,1
402,5,1
170,6,1
904,7,1
96,8,1
891,9,1
291,10,1
77361,11,1
76869,12,1
252,13,1
77076,14,1
78656,15,1
82,16,1
76172,17,1
247,18,1
76960,19,1
78417,20,1
767,21,1
77946,22,1
920,23,1
345,24,1
1091,25,2
77481,26,2
77509,27,2
77154,28,2
76260,29,2
83344,30,2
76195,31,2
78407,32,2
78264,33,2
83307,34,2
895,35,2
77214,36,2
78102,37,2
77472,38,2
83350,39,2
76009,40,2
76384,41,2
83276,42,2
78251,43,2
78601,44,2
73,45,2
76237,46,2
786,47,2
83318,48,3
78620,49,3
83356,50,3
83285,51,3
83340,52,3
83328,53,3
417,54,3
83345,55,3
83335,56,3
83326,57,3
83300,58,3
78352,59,3
83278,60,3
78635,61,3
83323,62,3
77233,63,3
83280,64,3
83301,65,3
149,66,3
83291,67,3
83333,68,3
1479,69,3
83265,70,3
83275,71,4
83316,72,4
76411,73,4
83339,74,4
78261,75,4
83288,76,4
717,77,4
83336,78,4
76528,79,4
83304,80,4
83297,81,4
78022,82,4
78035,83,4
174,84,4
83349,85,4
83360,86,4
892,87,4
83325,88,4
78566,89,4
76803,90,4
77565,91,4
78140,92,4
83268,93,4
83317,94,5
83273,95,5
83271,96,5
83329,97,5
83287,98,5
83338,99,5
83296,100,5
83343,101,5
83334,102,5
83305,103,5
83302,104,5
83353,105,5
83309,106,5
83348,107,5
83322,108,5
83359,109,5
83281,110,5
83315,111,5
83311,112,5
83293,113,5
83332,114,5
83284,115,5
83266,116,5
83274,117,6
83319,118,6
83270,119,6
83289,120,6
83342,121,6
83330,122,6
83294,123,6
83337,124,6
83346,125,6
83306,126,6
83298,127,6
83308,128,6
83354,129,6
83321,130,6
83351,131,6
83358,132,6
83277,133,6
83327,134,6
83312,135,6
83292,136,6
83331,137,6
83283,138,6
77383,139,6
83314,140,7
83272,141,7
83269,142,7
83341,143,7
77852,144,7
83286,145,7
83295,146,7
83347,147,7
76824,148,7
83303,149,7
83299,150,7
83355,151,7
83310,152,7
83352,153,7
83324,154,7
83357,155,7
83279,156,7
83320,157,7
83313,158,7
83290,159,7
53,160,7
83282,161,7
83267,162,7
921,1,1
83362,2,1
78463,3,1
456,4,1
78440,5,1
76138,6,1
78293,7,1
166,8,1
78110,9,1
1008,10,1
927,11,1
78554,12,1
78465,13,1
76158,14,1
209,15,1
77476,16,1
77881,17,1
76019,18,1
1631,19,1
77130,20,1
77173,21,1
101,22,1
83377,23,1
717,24,1
899,25,2
1068,26,2
23,27,2
1474,28,2
271,29,2
203,30,2
83432,31,2
76990,32,2
404,33,2
78007,34,2
78429,35,2
83399,36,2
83440,37,2
83423,38,2
912,39,2
83392,40,2
78198,41,2
83394,42,2
76703,43,2
766,44,2
78192,45,2
204,46,2
77104,47,2
77542,48,3
83444,49,3
76994,50,3
78558,51,3
78584,52,3
77674,53,3
77866,54,3
930,55,3
83387,56,3
76588,57,3
76991,58,3
83370,59,3
77845,60,3
1117,61,3
83453,62,3
83446,63,3
83410,64,3
77053,65,3
194,66,3
78027,67,3
83426,68,3
78377,69,3
77372,70,3
83368,71,4
83413,72,4
83437,73,4
77571,74,4
83371,75,4
83422,76,4
76831,77,4
83434,78,4
83405,79,4
83384,80,4
83416,81,4
83400,82,4
83443,83,4
83447,84,4
77105,85,4
83376,86,4
83411,87,4
83396,88,4
77002,89,4
83391,90,4
83382,91,4
83378,92,4
83361,93,4
83367,94,5
77939,95,5
83436,96,5
78181,97,5
83402,98,5
77880,99,5
77166,100,5
83431,101,5
83406,102,5
83385,103,5
83398,104,5
83417,105,5
83439,106,5
83445,107,5
83451,108,5
83374,109,5
83408,110,5
83393,111,5
83419,112,5
83388,113,5
83425,114,5
83381,115,5
83363,116,5
83369,117,6
83412,118,6
83438,119,6
939,120,6
83276,121,6
77280,122,6
83430,123,6
1118,124,6
83407,125,6
83383,126,6
83418,127,6
83397,128,6
83441,129,6
83448,130,6
83450,131,6
83373,132,6
76752,133,6
78421,134,6
83421,135,6
83389,136,6
83427,137,6
83380,138,6
83365,139,6
83366,140,7
83414,141,7
83435,142,7
83372,143,7
83403,144,7
83424,145,7
83433,146,7
83429,147,7
83404,148,7
83386,149,7
83401,150,7
83415,151,7
83442,152,7
83449,153,7
83452,154,7
83375,155,7
83409,156,7
83395,157,7
83420,158,7
83390,159,7
83428,160,7
83379,161,7
83364,162,7
764,1,1
288,2,1
77054,3,1
199,4,1
937,5,1
181,6,1
134,7,1
178,8,1
365,9,1
270,10,1
397,11,1
177,12,1
341,13,1
76748,14,1
77771,15,1
1846,16,1
77673,17,1
349,18,1
80,19,1
76695,20,1
76426,21,1
77384,22,1
246,23,1
83467,24,2
77637,25,2
76024,26,2
76179,27,2
1984,28,2
83547,29,2
78582,30,2
77632,31,2
737,32,2
78514,33,2
78031,34,2
77358,35,2
78464,36,2
83495,37,2
76415,38,2
355,39,2
76782,40,2
77153,41,2
83488,42,2
83482,43,2
83490,44,2
38,45,2
83537,46,2
83541,47,3
78445,48,3
83459,49,3
78644,50,3
83478,51,3
140,52,3
76472,53,3
83512,54,3
83525,55,3
83501,56,3
83481,57,3
683,58,3
83497,59,3
83513,60,3
83552,61,3
83484,62,3
333,63,3
83533,64,3
78507,65,3
83558,66,3
83493,67,3
76586,68,3
83472,69,3
83458,70,4
83461,71,4
83520,72,4
83506,73,4
76057,74,4
201,75,4
83534,76,4
83508,77,4
83528,78,4
917,79,4
83543,80,4
83499,81,4
83524,82,4
83464,83,4
83551,84,4
83483,85,4
83546,86,4
83530,87,4
77872,88,4
83557,89,4
83489,90,4
83456,91,4
83473,92,4
83540,93,5
83517,94,5
83460,95,5
83507,96,5
83477,97,5
83545,98,5
83536,99,5
97,100,5
83529,101,5
83503,102,5
83516,103,5
83523,104,5
83466,105,5
83496,106,5
77294,107,5
83485,108,5
83549,109,5
83532,110,5
83470,111,5
83556,112,5
83491,113,5
83454,114,5
83474,115,6
77704,116,6
83462,117,6
83519,118,6
83504,119,6
83479,120,6
83544,121,6
83535,122,6
83511,123,6
83527,124,6
83500,125,6
83514,126,6
36,127,6
83498,128,6
83522,129,6
83553,130,6
83480,131,6
83548,132,6
83531,133,6
83469,134,6
83555,135,6
83492,136,6
83457,137,6
83471,138,6
83539,139,7
83518,140,7
83463,141,7
83505,142,7
83476,143,7
83542,144,7
83538,145,7
83509,146,7
83526,147,7
83502,148,7
83515,149,7
83494,150,7
83521,151,7
83465,152,7
83554,153,7
83486,154,7
83550,155,7
83510,156,7
83468,157,7
83559,158,7
83487,159,7
83455,160,7
83475,161,7
330,1,1
22,2,1
293,3,1
356,4,1
782,5,1
765,6,1
897,7,1
364,8,1
938,9,1
335,10,1
781,11,1
265,12,1
81,13,1
105,14,1
202,15,1
76387,16,1
287,17,1
76157,18,1
393,19,1
236,20,1
95,21,1
705,22,1
77335,23,1
216,24,1
77970,25,1
76709,26,2
2652,27,2
457,28,2
219,29,2
76552,30,2
78247,31,2
1593,32,2
3,33,2
78347,34,2
76862,35,2
289,36,2
76320,37,2
1051,38,2
77057,39,2
76841,40,2
78175,41,2
83573,42,2
77614,43,2
78295,44,2
76790,45,2
78528,46,2
137,47,2
52,48,2
83575,49,2
70,50,2
77398,51,3
83570,52,3
193,53,3
83563,54,3
83572,55,3
78654,56,3
83562,57,3
83576,58,3
77170,59,3
83565,60,3
83569,61,3
83566,62,3
83571,63,3
76152,64,3
76770,65,3
83568,66,3
76839,67,3
83564,68,3
83560,69,3
83574,70,3
77694,71,3
83561,72,3
76042,73,3
77789,74,3
83567,75,3
442,1,1
198,2,1
251,3,1
779,4,1
462,5,1
351,6,1
45,7,1
1839,8,1
67,9,1
71,10,1
98,11,1
302,12,1
78197,13,1
896,14,1
77387,15,1
344,16,1
431,17,1
769,18,1
77822,19,1
1874,20,1
898,21,1
77096,22,1
77460,23,1
76433,24,1
1972,25,1
124,26,1
76123,27,1
428,28,2
77720,29,2
77301,30,2
77474,31,2
76288,32,2
76643,33,2
77370,34,2
1090,35,2
361,36,2
76050,37,2
28,38,2
77060,39,2
129,40,2
78021,41,2
83579,42,2
359,43,2
83577,44,2
76911,45,2
76184,46,2
83580,47,2
83581,48,2
906,49,2
77893,50,2
77649,51,2
285,52,2
83582,53,2
83578,54,2
934,1,1
56,2,1
51,3,1
192,4,1
383,5,1
280,6,1
1489,7,1
77260,8,1
416,9,1
716,10,1
238,11,1
77251,12,1
919,13,1
77496,14,1
77114,15,1
371,16,1
1054,17,1
190,18,1
244,19,1
76821,20,1
420,21,1
76801,22,1
41,23,1
368,24,1
76001,25,1
76183,26,1
922,27,1
77129,28,2
389,29,2
61,30,2
77286,31,2
1680,32,2
77794,33,2
340,34,2
323,35,2
1027,36,2
76672,37,2
146,38,2
88,39,2
902,40,2
76097,41,2
77386,42,2
763,43,2
1667,44,2
213,45,2
78555,46,2
400,47,2
76,48,2
83584,49,2
76079,50,2
380,51,2
474,52,2
83583,53,2
925,54,2
913,1,1
72,2,1
182,3,1
87,4,1
120,5,1
475,6,1
26,7,1
1855,8,1
278,9,1
183,10,1
210,11,1
21,12,1
905,13,1
1101,14,1
138,15,1
423,16,1
2349,17,1
76265,18,1
78194,19,1
1819,20,1
785,21,1
1034,22,1
914,23,1
296,24,1
83585,25,1
1821,26,1
432,27,1
77426,28,2
83594,29,2
77628,30,2
753,31,2
76772,32,2
1106,33,2
76277,34,2
77098,35,2
76450,36,2
386,37,2
83592,38,2
1429,39,2
77,40,2
76875,41,2
83587,42,2
78273,43,2
83588,44,2
184,45,2
30,46,2
83590,47,2
1134,48,2
357,49,2
83591,50,2
440,51,2
83586,52,2
83589,53,2
83593,54,2
406,1,1
297,2,1
363,3,1
754,4,1
111,5,1
339,6,1
1005,7,1
103,8,1
221,9,1
228,10,1
109,11,1
114,12,1
179,13,1
907,14,1
324,15,1
1010,16,1
57,17,1
145,18,1
931,19,1
93,20,1
468,21,1
932,22,1
195,23,1
84,24,1
771,25,1
77138,26,1
780,27,1
77486,28,2
136,29,2
399,30,2
78201,31,2
85,32,2
101258,33,2
1814,34,2
76148,35,2
1030,36,2
77647,37,2
1120,38,2
1036,39,2
83597,40,2
461,41,2
761,42,2
390,43,2
83596,44,2
12,45,2
438,46,2
77644,47,2
76517,48,2
83599,49,2
900,50,2
83600,51,2
1099,52,2
83598,53,2
83595,54,2
185,1,1
762,2,1
358,3,1
469,4,1
375,5,1
384,6,1
310,7,1
452,8,1
915,9,1
283,10,1
275,11,1
248,12,1
143,13,1
321,14,1
346,15,1
777,16,1
37,17,1
1007,18,1
768,19,1
197,20,1
381,21,1
168,22,1
911,23,1
208,24,1
916,25,1
903,26,1
1635,27,1
446,28,2
83611,29,2
49,30,2
76308,31,2
76732,32,2
35,33,2
1577,34,2
1055,35,2
83606,36,2
89,37,2
83602,38,2
83605,39,2
316,40,2
83603,41,2
1817,42,2
76852,43,2
83601,44,2
935,45,2
77846,46,2
43,47,2
78329,48,2
83608,49,2
83607,50,2
83604,51,2
46,52,2
83610,53,2
83609,54,2
299,1,1
467,2,1
255,3,1
923,4,1
436,5,1
412,6,1
441,7,1
258,8,1
376,9,1
224,10,1
435,11,1
234,12,1
147,13,1
212,14,1
15,15,1
32,16,1
243,17,1
211,18,1
434,19,1
189,20,1
54,21,1
223,22,1
445,23,1
42,24,1
65,25,1
369,26,1
240,27,1
83619,28,2
226,29,2
458,30,2
83620,31,2
29,32,2
308,33,2
1093,34,2
63,35,2
83612,36,2
112,37,2
241,38,2
292,39,2
1067,40,2
83616,41,2
83618,42,2
1035,43,2
83615,44,2
132,45,2
702,46,2
320,47,2
83613,48,2
83614,49,2
1127,50,2
1444,51,2
924,52,2
83617,53,2
1442,54,2
693,1,1
686,2,1
711,3,1
739,4,1
708,5,1
735,6,1
757,7,1
704,8,1
709,9,1
703,10,1
718,11,1
685,12,1
722,13,1
677,14,1
699,15,1
673,16,1
682,17,1
689,18,1
719,19,1
679,20,1
714,21,1
678,22,1
696,23,1
684,24,1
710,25,1
726,26,1
712,27,1
731,28,1
724,29,1
691,30,2
1434,31,2
720,32,2
675,33,2
692,34,2
728,35,2
734,36,2
701,37,2
83626,38,2
681,39,2
730,40,2
83624,41,2
671,42,2
727,43,2
83623,44,2
83622,45,2
83628,46,2
721,47,2
707,48,2
706,49,2
729,50,2
83621,51,2
697,52,2
83627,53,2
83625,54,2
1075,55,2
713,56,2
733,57,2
690,58,2
947,1,1
948,2,1
949,3,1
950,4,1
951,5,1
952,6,1
953,7,1
954,8,1
955,9,1
956,10,1
957,11,1
958,12,1
977,13,1
978,14,1
959,15,1
960,16,1
979,17,1
961,18,1
962,19,1
980,20,1
963,21,1
964,22,1
981,23,1
965,24,1
982,25,1
966,26,1
967,27,1
968,28,1
969,29,1
970,30,2
971,31,2
972,32,2
983,33,2
973,34,2
974,35,2
975,36,2
976,37,2
984,38,2
985,39,2
986,40,2
987,41,2
988,42,2
989,43,2
990,44,2
991,45,2
992,46,2
993,47,2
994,48,2
1043,49,2
996,50,2
997,51,2
998,52,2
999,53,2
1000,54,2
1001,55,2
1002,56,2
1003,57,2
1004,58,2
1495,1,1
1496,2,1
1497,3,1
1498,4,1
1499,5,1
1500,6,1
1501,7,1
1502,8,1
1503,9,1
1504,10,1
1505,11,1
1506,12,1
1507,13,1
1508,14,1
1509,15,1
1510,16,1
1511,17,1
1512,18,1
1513,19,1
1514,20,1
1515,21,1
1516,22,1
1517,23,1
1518,24,1
1519,25,1
1520,26,1
1521,27,1
1522,28,1
1523,29,2
1524,30,2
1525,31,2
1526,32,2
1527,33,2
1528,34,2
1529,35,2
1530,36,2
1531,37,2
1532,38,2
1533,39,2
1534,40,2
1535,41,2
1536,42,2
1537,43,2
1538,44,2
1539,45,2
1540,46,2
1541,47,2
1542,48,2
1543,49,2
1544,50,2
1545,51,2
1546,52,2
1547,53,2
1548,54,2
1549,55,2
1550,56,2
1551,57,2
1709,1,1
1710,2,1
1711,3,1
1712,4,1
1713,5,1
1714,6,1
1715,7,1
1716,8,1
1717,9,1
1718,10,1
1719,11,1
1720,12,1
1721,13,1
1722,14,1
1723,15,1
1724,16,1
1725,17,1
1726,18,1
1727,19,1
1728,20,1
1729,21,1
1730,22,1
1731,23,1
1732,24,1
1733,25,1
1734,26,1
1735,27,1
1736,28,1
1737,29,1
1738,30,2
1739,31,2
1740,32,2
1741,33,2
1742,34,2
1743,35,2
1744,36,2
1745,37,2
1746,38,2
1747,39,2
1748,40,2
1749,41,2
1750,42,2
1751,43,2
1752,44,2
1753,45,2
1754,46,2
1755,47,2
1756,48,2
1757,49,2
1758,50,2
1759,51,2
1760,52,2
1761,53,2
1762,54,2
1763,55,2
1764,56,2
1765,57,2
1766,58,2
1882,1,1
1883,2,1
1884,3,1
1885,4,1
1886,5,1
1887,6,1
1888,7,1
1889,8,1
1890,9,1
1891,10,1
1892,11,1
1893,12,1
1894,13,1
1895,14,1
1896,15,1
1897,16,1
1898,17,1
1899,18,1
1900,19,1
1901,20,1
1902,21,1
1903,22,1
1904,23,1
1905,24,1
1906,25,1
1907,26,1
1908,27,1
1909,28,1
1910,29,1
1911,30,2
1912,31,2
1913,32,2
1914,33,2
1915,34,2
1916,35,2
1917,36,2
1918,37,2
1919,38,2
1920,39,2
1921,40,2
1922,41,2
1923,42,2
1924,43,2
1925,44,2
1926,45,2
1927,46,2
1928,47,2
1929,48,2
1930,49,2
1931,50,2
1932,51,2
1933,52,2
1934,53,2
1935,54,2
1936,55,2
1937,56,2
1938,57,2
1939,58,2
2030,1,1
2031,2,1
2032,3,1
2033,4,1
2034,5,1
2035,6,1
2036,7,1
2037,8,1
2038,9,1
2039,10,1
2040,11,1
2041,12,1
2042,13,1
2043,14,1
2044,15,1
2045,16,1
2046,17,1
2047,18,1
2048,19,1
2049,20,1
2050,21,1
2051,22,1
2052,23,1
2053,24,1
2054,25,1
2055,26,1
2056,27,1
2057,28,1
2058,29,1
2060,30,2
2061,31,2
2062,32,2
2063,33,2
2064,34,2
2065,35,2
2066,36,2
2067,37,2
2059,38,2
2068,39,2
2069,40,2
2070,41,2
2071,42,2
2072,43,2
2073,44,2
2074,45,2
2075,46,2
2076,47,2
2077,48,2
2078,49,2
2079,50,2
2080,51,2
2081,52,2
2082,53,2
2083,54,2
2084,55,2
2085,56,2
2086,57,2
2087,58,2
2198,1,1
2199,2,1
2200,3,1
2201,4,1
2202,5,1
2203,6,1
2204,7,1
2205,8,1
2206,9,1
2207,10,1
2208,11,1
2209,12,1
2210,13,1
2211,14,1
2212,15,1
2213,16,1
2214,17,1
2215,18,1
2216,19,1
2217,20,1
2218,21,1
2219,22,1
2220,23,1
2221,24,1
2222,25,1
2223,26,1
2224,27,1
2225,28,1
2239,29,2
2240,30,2
2241,31,2
2226,32,2
2242,33,2
2243,34,2
2244,35,2
2245,36,2
2246,37,2
2247,38,2
2248,39,2
2249,40,2
2250,41,2
2251,42,2
2252,43,2
2253,44,2
2254,45,2
2255,46,2
2238,47,2
2256,48,2
2257,49,2
2228,50,2
2259,51,2
2260,52,2
2261,53,2
2262,54,2
2263,55,2
2264,56,2
2265,57,2
2397,1,1
2398,2,1
2399,3,1
2400,4,1
2401,5,1
2402,6,1
2403,7,1
2404,8,1
2405,9,1
2406,10,1
2407,11,1
2408,12,1
2409,13,1
2410,14,1
2411,15,1
2412,16,1
2413,17,1
2414,18,1
2415,19,1
2416,20,1
2417,21,1
2418,22,1
2419,23,1
2420,24,1
2421,25,1
2422,26,1
2423,27,1
2424,28,1
2426,29,2
2427,30,2
2425,31,2
2428,32,2
2429,33,2
2430,34,2
2525,35,2
2431,36,2
2432,37,2
2433,38,2
2434,39,2
2435,40,2
2436,41,2
2438,42,2
2437,43,2
2439,44,2
2440,45,2
2441,46,2
2442,47,2
2526,48,2
2443,49,2
2444,50,2
2445,51,2
2446,52,2
2447,53,2
2448,54,2
2449,55,2
2450,56,2
2451,57,2
2544,1,1
2545,2,1
2546,3,1
2547,4,1
2548,5,1
2549,6,1
2550,7,1
2551,8,1
2552,9,1
2553,10,1
2554,11,1
2555,12,1
2556,13,1
2557,14,1
2558,15,1
2559,16,1
2560,17,1
2561,18,1
2562,19,1
2563,20,1
2564,21,1
2565,22,1
2566,23,1
2567,24,1
2568,25,1
2569,26,1
2570,27,1
2571,28,1
2572,29,1
2573,30,2
2574,31,2
2575,32,2
2602,33,2
2577,34,2
2578,35,2
2579,36,2
2580,37,2
2581,38,2
2582,39,2
2583,40,2
2584,41,2
2585,42,2
2586,43,2
2587,44,2
2588,45,2
2589,46,2
2590,47,2
2591,48,2
2592,49,2
2593,50,2
2594,51,2
2595,52,2
2596,53,2
2597,54,2
2598,55,2
2599,56,2
2600,57,2
2601,58,2
2730,1,1
2731,2,1
2732,3,1
2733,4,1
2734,5,1
2735,6,1
2736,7,1
2737,8,1
2738,9,1
2739,10,1
2740,11,1
2741,12,1
2742,13,1
2743,14,1
2744,15,1
2745,16,1
2746,17,1
2747,18,1
2748,19,1
2749,20,1
2750,21,1
2751,22,1
2752,23,1
2753,24,1
2754,25,1
2755,26,1
2756,27,1
2757,28,1
2758,29,1
2760,30,2
2761,31,2
2762,32,2
2763,33,2
2764,34,2
2765,35,2
2766,36,2
2767,37,2
2768,38,2
2769,39,2
2770,40,2
2801,41,2
2771,42,2
2772,43,2
2773,44,2
2774,45,2
2775,46,2
2776,47,2
2777,48,2
2778,49,2
2779,50,2
2780,51,2
2781,52,2
2782,53,2
2783,54,2
2784,55,2
2785,56,2
2807,57,2
2786,58,2
2787,59,2
101106,1,1
101107,2,1
101114,3,1
101108,4,1
101109,5,1
101110,6,1
101111,7,1
101112,8,1
101113,9,1
101115,10,1
101116,11,1
101117,12,1
101118,13,1
101119,14,1
101120,15,1
101121,16,1
101122,17,1
101123,18,1
101124,19,1
101125,20,1
101126,21,1
101127,22,1
101128,23,1
101129,24,1
101130,25,1
101131,26,1
101132,27,1
101133,28,1
101134,29,1
101135,30,1
101136,31,2
101137,32,2
101138,33,2
101139,34,2
101140,35,2
101141,36,2
101142,37,2
101143,38,2
101144,39,2
101145,40,2
101146,41,2
101147,42,2
101148,43,2
101149,44,2
101150,45,2
101151,46,2
101152,47,2
101153,48,2
101154,49,2
101155,50,2
101156,51,2
101157,52,2
101158,53,2
101159,54,2
101160,55,2
101161,56,2
101162,57,2
101166,58,2
101164,59,2
101165,60,2
200745,1,1
200746,2,1
200747,3,1
200748,4,1
200749,5,1
200750,6,1
200751,7,1
200752,8,1
200753,9,1
200754,10,1
200755,11,1
200756,12,1
200757,13,1
200758,14,1
200759,15,1
200760,16,1
200761,17,1
200762,18,1
200763,19,1
200764,20,1
200765,21,1
200766,22,1
200767,23,1
200768,24,1
200769,25,1
200770,26,1
200771,27,1
200772,28,1
200776,29,1
200777,30,1
200778,31,2
200779,32,2
200780,33,2
200781,34,2
200782,35,2
200783,36,2
200784,37,2
200785,38,2
200786,39,2
200787,40,2
200788,41,2
200789,42,2
200790,43,2
200791,44,2
200792,45,2
200793,46,2
200794,47,2
200795,48,2
200796,49,2
200797,50,2
200798,51,2
200799,52,2
200800,53,2
200801,54,2
200802,55,2
200803,56,2
200804,57,2
200805,58,2
200806,59,2
200807,60,2
201141,1,1
201142,2,1
201143,3,1
201144,4,1
201145,5,1
201146,6,1
201147,7,1
201148,8,1
201149,9,1
201150,10,1
201151,11,1
201152,12,1
201153,13,1
201154,14,1
201155,15,1
201156,16,1
201157,17,1
201158,18,1
201159,19,1
201160,20,1
201161,21,1
201162,22,1
201163,23,1
201164,24,1
201165,25,1
201166,26,1
201167,27,1
201168,28,1
201169,29,1
201170,30,1
201171,31,2
201172,32,2
201173,33,2
201174,34,2
201175,35,2
201176,36,2
201177,37,2
201178,38,2
201179,39,2
201180,40,2
201181,41,2
201182,42,2
201183,43,2
201184,44,2
201185,45,2
201186,46,2
201187,47,2
201188,48,2
201189,49,2
201190,50,2
201191,51,2
201192,52,2
201193,53,2
201194,54,2
201195,55,2
201196,56,2
201197,57,2
201198,58,2
201199,59,2
201200,60,2
201565,1,1
201563,2,1
201564,3,1
201566,4,1
201567,5,1
201568,6,1
201569,7,1
201570,8,1
201571,9,1
201572,10,1
201573,11,1
201574,12,1
201575,13,1
201576,14,1
201577,15,1
201578,16,1
201579,17,1
201580,18,1
201581,19,1
201582,20,1
201583,21,1
201584,22,1
201585,23,1
201586,24,1
201587,25,1
201588,26,1
201589,27,1
201590,28,1
201591,29,1
201592,30,1
201593,31,2
201594,32,2
201595,33,2
201596,34,2
201599,35,2
201600,36,2
201601,37,2
201602,38,2
201603,39,2
201604,40,2
201605,41,2
201606,42,2
201607,43,2
201608,44,2
201609,45,2
201610,46,2
201611,47,2
201612,48,2
201613,49,2
201614,50,2
201615,51,2
201616,52,2
201617,53,2
201618,54,2
201446,55,2
201619,56,2
201620,57,2
201621,58,2
201622,59,2
201623,60,2
201933,1,1
201934,2,1
201935,3,1
201936,4,1
201937,5,1
201938,6,1
201939,7,1
201941,8,1
201942,9,1
201943,10,1
201944,11,1
201945,12,1
201946,13,1
201947,14,1
201948,15,1
201949,16,1
201950,17,1
201951,18,1
201952,19,1
201953,20,1
201954,21,1
201964,22,1
201956,23,1
201957,24,1
201958,25,1
201959,26,1
201960,27,1
201961,28,1
201962,29,1
201963,30,1
201965,31,2
201966,32,2
201967,33,2
201968,34,2
201969,35,2
201970,36,2
201971,37,2
201972,38,2
201973,39,2
201974,40,2
201975,41,2
201976,42,2
201977,43,2
201978,44,2
201979,45,2
201980,46,2
201994,47,2
201981,48,2
201982,49,2
201983,50,2
201984,51,2
201985,52,2
201986,53,2
201987,54,2
201988,55,2
201989,56,2
201990,57,2
201991,58,2
201992,59,2
201993,60,2
202322,1,1
202323,2,1
202324,3,1
202325,4,1
202326,5,1
202327,6,1
202328,7,1
202329,8,1
202330,9,1
202331,10,1
202332,11,1
202333,12,1
202334,13,1
202335,14,1
202336,15,1
202337,16,1
202338,17,1
202339,18,1
202340,19,1
202341,20,1
202342,21,1
202343,22,1
202344,23,1
202345,24,1
202346,25,1
202347,26,1
202348,27,1
202349,28,1
202350,29,1
202351,30,1
202353,31,2
202354,32,2
202355,33,2
202356,34,2
202357,35,2
202358,36,2
202359,37,2
202360,38,2
202361,39,2
202362,40,2
202363,41,2
202364,42,2
202365,43,2
202366,44,2
202370,45,2
202371,46,2
202372,47,2
202160,48,2
202373,49,2
202374,50,2
202375,51,2
202376,52,2
202377,53,2
202378,54,2
202379,55,2
202380,56,2
202385,57,2
202382,58,2
202383,59,2
202384,60,2
202681,1,1
202682,2,1
202683,3,1
202684,4,1
202685,5,1
202686,6,1
202687,7,1
202688,8,1
202689,9,1
202690,10,1
202691,11,1
202692,12,1
202693,13,1
202694,14,1
202695,15,1
202696,16,1
202697,17,1
202698,18,1
202699,19,1
202700,20,1
202701,21,1
202702,22,1
202703,23,1
202704,24,1
202705,25,1
202706,26,1
202707,27,1
202708,28,1
202709,29,1
202710,30,1
202711,31,2
202712,32,2
202713,33,2
202714,34,2
202715,35,2
202716,36,2
202717,37,2
202718,38,2
202719,39,2
202720,40,2
202721,41,2
202722,42,2
202723,43,2
202724,44,2
202725,45,2
202726,46,2
202727,47,2
202728,48,2
202729,49,2
202730,50,2
202739,51,2
202731,52,2
202732,53,2
202733,54,2
202734,55,2
202624,56,2
202735,57,2
202736,58,2
202737,59,2
202738,60,2
203076,1,1
203077,2,1
203078,3,1
203079,4,1
203080,5,1
203081,6,1
203084,7,1
203082,8,1
203083,9,1
203085,10,1
203086,11,1
203087,12,1
203088,13,1
203089,14,1
203090,15,1
203091,16,1
203092,17,1
203093,18,1
203094,19,1
203095,20,1
203096,21,1
203097,22,1
203098,23,1
203099,24,1
203100,25,1
203101,26,1
203102,27,1
203103,28,1
203104,29,1
203105,30,1
203106,31,2
203107,32,2
203108,33,2
203109,34,2
203110,35,2
203111,36,2
203112,37,2
203113,38,2
203114,39,2
203115,40,2
203116,41,2
203117,42,2
203118,43,2
203119,44,2
203120,45,2
203121,46,2
203122,47,2
203123,48,2
203124,49,2
203125,50,2
203126,51,2
203136,52,2
203128,53,2
203129,54,2
203130,55,2
203131,56,2
203132,57,2
203133,58,2
203134,59,2
203135,60,2
203461,1,1
203506,2,1
203490,3,1
203469,4,1
203458,5,1
203457,6,1
203463,7,1
203484,8,1
203504,9,1
203468,10,1
203487,11,1
203500,12,1
203482,13,1
203498,14,1
203507,15,1
203512,16,1
203471,17,1
203499,18,1
203508,19,1
203503,20,1
203476,21,1
203486,22,1
203524,23,1
203501,24,1
203493,25,1
203460,26,1
203497,27,1
203520,28,1
203462,29,1
203517,30,1
203459,31,2
203518,32,2
203467,33,2
203477,34,2
203318,35,2
203492,36,2
203502,37,2
203489,38,2
203481,39,2
203511,40,2
203479,41,2
203510,42,2
203495,43,2
203488,44,2
203525,45,2
203475,46,2
203526,47,2
203527,48,2
203513,49,2
203516,50,2
203528,51,2
203485,52,2
203470,53,2
203529,54,2
203530,55,2
203491,56,2
203531,57,2
203472,58,2
203532,59,2
203533,60,2
203952,1,1
203953,2,1
203954,3,1
203932,4,1
203957,5,1
203935,6,1
203944,7,1
203917,8,1
203943,9,1
203901,10,1
203926,11,1
203967,12,1
203897,13,1
203933,14,1
203940,15,1
203994,16,1
203923,17,1
203898,18,1
203914,19,1
203998,20,1
203956,21,1
203919,22,1
203918,23,1
203894,24,1
203991,25,1
203798,26,1
203992,27,1
203912,28,1
203962,29,1
203937,30,1
203996,31,2
203909,32,2
203925,33,2
203921,34,2
203950,35,2
203948,36,2
203908,37,2
203915,38,2
203924,39,2
203922,40,2
203999,41,2
203910,42,2
204002,43,2
203900,44,2
203939,45,2
203903,46,2
203893,47,2
203934,48,2
203946,49,2
203938,50,2
203648,51,2
203995,52,2
203993,53,2
204009,54,2
203902,55,2
203906,56,2
204010,57,2
203895,58,2
203904,59,2
203928,60,2
1626157,1,1
1626156,2,1
1626143,3,1
204001,4,1
1626209,5,1
1626161,6,1
1626144,7,1
1626169,8,1
1626163,9,1
1626159,10,1
1626167,11,1
1626168,12,1
1626164,13,1
1626166,14,1
1626162,15,1
1626179,16,1
1626173,17,1
1626155,18,1
1626170,19,1
1626153,20,1
1626147,21,1
1626171,22,1
1626178,23,1
1626145,24,1
1626185,25,1
1626221,26,1
1626204,27,1
1626154,28,1
1626191,29,1
1626172,30,1
1626224,31,2
1626149,32,2
1626175,33,2
1626148,34,2
1626195,35,2
1626176,36,2
1626158,37,2
1626199,38,2
1626225,39,2
1626196,40,2
1626192,41,2
1626152,42,2
1626202,43,2
1626150,44,2
1626194,45,2
1626181,46,2
1626222,47,2
1626177,48,2
1626206,49,2
1626226,50,2
1626227,51,2
1626228,52,2
1626218,53,2
1626229,54,2
1626215,55,2
1626183,56,2
1626230,57,2
1626160,58,2
1626231,59,2
1626232,60,2
1627732,1,1
1627742,2,1
1627759,3,1
1627733,4,1
1627739,5,1
1627741,6,1
1627750,7,1
1627737,8,1
1627751,9,1
1627748,10,1
1627734,11,1
1627752,12,1
1627834,13,1
1627756,14,1
1627823,15,1
1627824,16,1
1627735,17,1
1627740,18,1
1627736,19,1
1627747,20,1
1627761,21,1
1627781,22,1
1627790,23,1
1627789,24,1
1627744,25,1
1627788,26,1
1627783,27,1
1627746,28,1
1627749,29,1
1627745,30,1
1627738,31,2
1627826,32,2
1627767,33,2
1627755,34,2
1627825,35,2
1627763,36,2
1627778,37,2
1627775,38,2
1627837,39,2
1627754,40,2
1627757,41,2
1627785,42,2
1627753,43,2
1627833,44,2
1627743,45,2
1627773,46,2
1627774,47,2
1627835,48,2
1627771,49,2
1627777,50,2
1627791,51,2
1627762,52,2
1627822,53,2
1627770,54,2
1627779,55,2
1627772,56,2
1627845,57,2
1627846,58,2
1627766,59,2
1627820,60,2
1628365,1,1
1628366,2,1
1628369,3,1
1628367,4,1
1628368,5,1
1628371,6,1
1628374,7,1
1628373,8,1
1628372,9,1
1628380,10,1
1628370,11,1
1628379,12,1
1628378,13,1
1628389,14,1
1628382,15,1
1628383,16,1
1628391,17,1
1628388,18,1
1628381,19,1
1628385,20,1
1628390,21,1
1628386,22,1
1628384,23,1
1628399,24,1
1628394,25,1
1628403,26,1
1628398,27,1
1628396,28,1
1628401,29,1
1628404,30,1
1628402,31,2
1628432,32,2
1628411,33,2
1628412,34,2
1628397,35,2
1628413,36,2
1628400,37,2
1628395,38,2
1628393,39,2
1628407,40,2
1628416,41,2
1628418,42,2
1628392,43,2
1628422,44,2
1628415,45,2
1628425,46,2
1628387,47,2
1628414,48,2
1628427,49,2
1628406,50,2
1628420,51,2
1628410,52,2
1628443,53,2
1628409,54,2
1628430,55,2
1628444,56,2
1628426,57,2
1628445,58,2
1628417,59,2
1628446,60,2
1629028,1,1
1628963,2,1
1629029,3,1
1628991,4,1
1629027,5,1
1628964,6,1
1628976,7,1
1629012,8,1
1628995,9,1
1628969,10,1
1628983,11,1
1628970,12,1
1629010,13,1
1629008,14,1
1628972,15,1
1629015,16,1
1628978,17,1
1629022,18,1
1628989,19,1
1629006,20,1
1628960,21,1
1628990,22,1
1628988,23,1
1629014,24,1
1629021,25,1
1629013,26,1
1629057,27,1
1628980,28,1
1629058,29,1
1629016,30,1
1629059,31,2
1628975,32,2
1628973,33,2
1628984,34,2
1628982,35,2
1629011,36,2
1629018,37,2
1629017,38,2
1629067,39,2
1629066,40,2
1629020,41,2
1628971,42,2
1628992,43,2
1629068,44,2
1628977,45,2
1629001,46,2
1629004,47,2
1628966,48,2
1629002,49,2
1628993,50,2
1628974,51,2
1629053,52,2
1628985,53,2
1629003,54,2
1629083,55,2
1629034,56,2
1628987,57,2
1629118,58,2
1628994,59,2
1628961,60,2
1629627,1,1
1629630,2,1
1629628,3,1
1629631,4,1
1629636,5,1
1629633,6,1
1629632,7,1
1629637,8,1
1629060,9,1
1629629,10,1
1629661,11,1
1629023,12,1
1629639,13,1
1629641,14,1
1629635,15,1
1629643,16,1
1629638,17,1
1629048,18,1
1629677,19,1
1629680,20,1
1629634,21,1
1629684,22,1
1629647,23,1
1629660,24,1
1629642,25,1
1629685,26,1
1629662,27,1
1629673,28,1
1629640,29,1
1629645,30,1
1629651,31,2
1629644,32,2
1629035,33,2
1628981,34,2
1629712,35,2
1628998,36,2
1629686,37,2
1629655,38,2
1629346,39,2
1629713,40,2
1629672,41,2
1629678,42,2
1629669,43,2
1629626,44,2
1629676,45,2
1629659,46,2
1629649,47,2
1629611,48,2
1629683,49,2
1629714,50,2
1629682,51,2
1629667,52,2
1629625,53,2
1629621,54,2
1629657,55,2
1628986,56,2
1629648,57,2
1629671,58,2
1629608,59,2
1629079,60,2
1630162,1,1
1630164,2,1
1630163,3,1
1630172,4,1
1630171,5,1
1630168,6,1
1630165,7,1
1630167,8,1
1630166,9,1
1630188,10,1
1630170,11,1
1630169,12,1
1630184,13,1
1630174,14,1
1630175,15,1
1630191,16,1
1630197,17,1
1630182,18,1
1630180,19,1
1630173,20,1
1630178,21,1
1630192,22,1
1630195,23,1
1630181,24,1
1630193,25,1
1630202,26,1
1628962,27,1
1630183,28,1
1630201,29,1
1630217,30,1
1630179,31,2
1630176,32,2
1630187,33,2
1630177,34,2
1630214,35,2
1630189,36,2
1630249,37,2
1630240,38,2
1630190,39,2
1630218,40,2
1630200,41,2
1630208,42,2
1630186,43,2
1630250,44,2
1629670,45,2
1629604,46,2
1630236,47,2
1630185,48,2
1630198,49,2
1630219,50,2
1630251,51,2
1630231,52,2
1630216,53,2
1630199,54,2
1630206,55,2
1630203,56,2
1629617,57,2
1630194,58,2
1630223,59,2
1630241,60,2
1630595,1,1
1630224,2,1
1630596,3,1
1630567,4,1
1630591,5,1
1630581,6,1
1630228,7,1
1630532,8,1
1630558,9,1
1630533,10,1
1630547,11,1
1630563,12,1
1630537,13,1
1630541,14,1
1630557,15,1
1630578,16,1
1630530,17,1
1630544,18,1
1630539,19,1
1630552,20,1
1630553,21,1
1630543,22,1
1630586,23,1
1630528,24,1
1629656,25,1
1630538,26,1
1630560,27,1
1630531,28,1
1630549,29,1
1630583,30,1
1630225,31,2
1630526,32,2
1630554,33,2
1630599,34,2
1630529,35,2
1630540,36,2
1630550,37,2
1630245,38,2
1629674,39,2
1630215,40,2
1630580,41,2
1630587,42,2
1630535,43,2
1630556,44,2
1630584,45,2
1630625,46,2
1630525,47,2
1630536,48,2
1630681,49,2
1630196,50,2
1630527,51,2
1630568,52,2
1629646,53,2
1630572,54,2
1630598,55,2
1630575,56,2
1630638,57,2
1630579,58,2
1630564,59,2
1630686,60,2
1631094,1,1
1631096,2,1
1631095,3,1
1631099,4,1
1631093,5,1
1631097,6,1
1631101,7,1
1630700,8,1
1631110,9,1
1631098,10,1
1631172,11,1
1631114,12,1
1631105,13,1
1630534,14,1
1631109,15,1
1631100,16,1
1631106,17,1
1631207,18,1
1631222,19,1
1631103,20,1
1631128,21,1
1631117,22,1
1631223,23,1
1630699,24,1
1631104,25,1
1631111,26,1
1631107,27,1
1631116,28,1
1631102,29,1
1631212,30,1
1629614,31,2
1631216,32,2
1631132,33,2
1631119,34,2
1631108,35,2
1630629,36,2
1630702,37,2
1631113,38,2
1631215,39,2
1631121,40,2
1630604,41,2
1631211,42,2
1631217,43,2
1631157,44,2
1631169,45,2
1631130,46,2
1631246,47,2
1631112,48,2
1630600,49,2
1631164,50,2
1631213,51,2
1631255,52,2
1631120,53,2
1631161,54,2
1630611,55,2
1631247,56,2
1631133,57,2
1630656,58,2
1641705,1,1
1641706,2,1
1630703,3,1
1641708,4,1
1641709,5,1
1641710,6,1
1641731,7,1
1641716,8,1
1641707,9,1
1641717,10,1
1641724,11,1
1641726,12,1
1641711,13,1
1641722,14,1
1641723,15,1
1641718,16,1
1641720,17,1
1631170,18,1
1641764,19,1
1641715,20,1
1641730,21,1
1641727,22,1
1631200,23,1
1641765,24,1
1631204,25,1
1641767,26,1
1641733,27,1
1641729,28,1
1631124,29,1
1641738,30,1
1641762,31,2
1629618,32,2
1631159,33,2
1641732,34,2
1641763,35,2
1641748,36,2
1641816,37,2
1641775,38,2
1631243,39,2
1641721,40,2
1641735,41,2
1641774,42,2
1641712,43,2
1631321,44,2
1641713,45,2
1641754,46,2
1631340,47,2
1641757,48,2
1641734,49,2
1641749,50,2
1630592,51,2
1641739,52,2
1641740,53,2
1641771,54,2
1631209,55,2
1641844,56,2
1631218,57,2
1641753,58,2
